['1', 'Nikita Kucherov', '2018-19', 'TBL', 'R', '82', '41', '87', '128', '24', '62', '1.56', '15', '48', '0', '0', '8', '0', '246', '16.7', '19:58', '21.5', '0.0']
62
48
['2', 'Connor McDavid', '2018-19', 'EDM', 'C', '78', '41', '75', '116', '3', '20', '1.49', '9', '33', '1', '2', '9', '3', '240', '17.1', '22:50', '25.6', '46.6']
20
33
['3', 'Patrick Kane', '2018-19', 'CHI', 'R', '81', '44', '66', '110', '2', '22', '1.36', '9', '30', '0', '0', '7', '3', '341', '12.9', '22:29', '23.6', '20.0']
22
30
['4', 'Leon Draisaitl', '2018-19', 'EDM', 'C', '82', '50', '55', '105', '2', '52', '1.28', '16', '29', '3', '3', '5', '3', '231', '21.6', '22:35', '25.9', '50.5']
52
29
['5', 'Brad Marchand', '2018-19', 'BOS', 'L', '79', '36', '64', '100', '15', '96', '1.27', '10', '34', '3', '7', '9', '3', '231', '15.6', '19:37', '23.1', '42.9']
96
34
['6', 'Sidney Crosby', '2018-19', 'PIT', 'C', '79', '35', '65', '100', '18', '36', '1.27', '12', '29', '0', '2', '3', '1', '220', '15.9', '21:00', '25.8', '55.4']
36
29
['7', 'Nathan MacKinnon', '2018-19', 'COL', 'C', '82', '41', '58', '99', '20', '34', '1.21', '12', '37', '0', '0', '6', '1', '365', '11.2', '22:05', '24.7', '43.7']
34
37
['8', 'Johnny Gaudreau', '2018-19', 'CGY', 'L', '82', '36', '63', '99', '18', '24', '1.21', '6', '27', '0', '0', '8', '3', '245', '14.7', '20:04', '23.5', '33.3']
24
27
['9', 'Steven Stamkos', '2018-19', 'TBL', 'C', '82', '45', '53', '98', '4', '37', '1.20', '19', '40', '2', '2', '6', '0', '234', '19.2', '18:18', '21.8', '53.1']
37
40
['10', 'Aleksander Barkov', '2018-19', 'FLA', 'C', '82', '35', '61', '96', '-3', '8', '1.17', '13', '31', '0', '1', '5', '2', '206', '17.0', '22:21', '27.0', '53.7']
8
31
['11', 'Mitchell Marner', '2018-19', 'TOR', 'R', '82', '26', '68', '94', '22', '22', '1.15', '3', '21', '1', '3', '5', '0', '233', '11.2', '19:49', '25.2', '63.6']
22
21
['12', 'Brayden Point', '2018-19', 'TBL', 'C', '79', '41', '51', '92', '27', '28', '1.16', '20', '35', '0', '0', '7', '2', '191', '21.5', '18:55', '21.2', '50.8']
28
35
['13', 'Jonathan Huberdeau', '2018-19', 'FLA', 'L', '82', '30', '62', '92', '-14', '40', '1.12', '11', '34', '0', '0', '5', '0', '226', '13.3', '18:51', '22.5', '63.1']
40
34
['14', 'Blake Wheeler', '2018-19', 'WPG', 'R', '82', '20', '71', '91', '0', '60', '1.11', '2', '33', '2', '3', '3', '0', '231', '8.6', '20:43', '24.1', '35.2']
60
33
['15', 'Alex Ovechkin', '2018-19', 'WSH', 'L', '81', '51', '38', '89', '7', '40', '1.10', '18', '28', '0', '0', '5', '0', '338', '15.1', '20:55', '20.8', '20.0']
40
28
['16', 'John Tavares', '2018-19', 'TOR', 'C', '82', '47', '41', '88', '19', '34', '1.07', '10', '19', '0', '0', '8', '1', '286', '16.4', '19:05', '24.0', '54.4']
34
19
['17', 'Mikko Rantanen', '2018-19', 'COL', 'R', '74', '31', '56', '87', '13', '54', '1.18', '16', '33', '0', '0', '4', '1', '193', '16.1', '20:51', '23.0', '37.0']
54
33
['18', 'Artemi Panarin', '2018-19', 'CBJ', 'L', '79', '28', '59', '87', '14', '23', '1.10', '6', '18', '0', '0', '8', '4', '191', '14.6', '19:51', '23.0', '25.0']
23
18
['19', 'Claude Giroux', '2018-19', 'PHI', 'C', '82', '22', '63', '85', '9', '24', '1.04', '2', '23', '1', '1', '4', '1', '229', '9.6', '21:27', '26.1', '57.9']
24
23
['20', 'Mark Scheifele', '2018-19', 'WPG', 'C', '82', '38', '46', '84', '8', '38', '1.02', '12', '23', '0', '3', '6', '3', '199', '19.1', '21:52', '24.0', '46.3']
38
23
['21', 'Sebastian Aho', '2018-19', 'CAR', 'C', '82', '30', '53', '83', '25', '26', '1.01', '3', '24', '4', '5', '7', '3', '243', '12.3', '20:09', '24.5', '48.6']
26
24
['22', 'Brent Burns', '2018-19', 'SJS', 'D', '82', '16', '67', '83', '13', '34', '1.01', '7', '28', '1', '5', '6', '2', '300', '5.3', '25:06', '26.8', '0.0']
34
28
['23', 'Sean Monahan', '2018-19', 'CGY', 'C', '78', '34', '48', '82', '7', '12', '1.05', '12', '23', '0', '0', '5', '0', '211', '16.1', '19:03', '23.1', '51.1']
12
23
['24', 'Jack Eichel', '2018-19', 'BUF', 'C', '77', '28', '54', '82', '-11', '26', '1.06', '8', '26', '0', '0', '2', '2', '303', '9.2', '20:26', '22.8', '47.0']
26
26
['25', 'Phil Kessel', '2018-19', 'PIT', 'R', '82', '27', '55', '82', '-19', '28', '1.00', '12', '36', '0', '0', '10', '2', '215', '12.6', '17:59', '21.8', '44.4']
28
36
['26', 'David Pastrnak', '2018-19', 'BOS', 'R', '66', '38', '43', '81', '6', '32', '1.23', '17', '33', '0', '0', '4', '0', '235', '16.2', '18:45', '21.1', '33.3']
32
33
['27', 'Jonathan Toews', '2018-19', 'CHI', 'C', '82', '35', '46', '81', '2', '40', '0.99', '9', '23', '1', '1', '5', '2', '235', '14.9', '21:00', '25.5', '56.3']
40
23
['28', 'Tyler Seguin', '2018-19', 'DAL', 'C', '82', '33', '47', '80', '17', '18', '0.98', '9', '27', '0', '0', '8', '2', '334', '9.9', '20:45', '27.8', '53.9']
18
27
['29', 'Patrice Bergeron', '2018-19', 'BOS', 'C', '65', '32', '47', '79', '23', '30', '1.22', '9', '27', '4', '7', '3', '1', '205', '15.6', '18:28', '23.2', '56.6']
30
27
['30', 'Elias Lindholm', '2018-19', 'CGY', 'C', '81', '27', '51', '78', '30', '20', '0.96', '9', '26', '1', '4', '5', '0', '182', '14.8', '20:02', '25.5', '54.3']
20
26
['31', 'Matthew Tkachuk', '2018-19', 'CGY', 'L', '80', '34', '43', '77', '14', '62', '0.96', '11', '24', '0', '0', '2', '0', '207', '16.4', '17:36', '21.2', '46.2']
62
24
['32', "Ryan O'Reilly", '2018-19', 'STL', 'C', '82', '28', '49', '77', '22', '12', '0.94', '6', '22', '1', '3', '5', '2', '234', '12.0', '20:46', '25.6', '56.9']
12
22
['33', 'Alex DeBrincat', '2018-19', 'CHI', 'L', '82', '41', '35', '76', '0', '15', '0.93', '13', '24', '0', '0', '3', '1', '220', '18.6', '17:42', '20.3', '45.7']
15
24
['34', 'Jake Guentzel', '2018-19', 'PIT', 'L', '82', '40', '36', '76', '13', '26', '0.93', '6', '11', '1', '1', '4', '1', '227', '17.6', '19:21', '24.5', '33.3']
26
11
['35', 'Sean Couturier', '2018-19', 'PHI', 'C', '80', '33', '43', '76', '2', '34', '0.95', '8', '17', '1', '1', '5', '1', '223', '14.8', '22:08', '26.8', '57.1']
34
17
['36', 'Teuvo Teravainen', '2018-19', 'CAR', 'L', '82', '21', '55', '76', '30', '12', '0.93', '8', '24', '1', '5', '1', '1', '167', '12.6', '17:55', '23.1', '41.9']
12
24
['37', 'Gabriel Landeskog', '2018-19', 'COL', 'L', '73', '34', '41', '75', '17', '51', '1.03', '10', '27', '0', '0', '9', '0', '243', '14.0', '21:09', '23.4', '52.0']
51
27
['38', 'Tomas Hertl', '2018-19', 'SJS', 'C', '77', '35', '39', '74', '5', '18', '0.96', '11', '15', '1', '2', '5', '1', '176', '19.9', '19:01', '23.8', '51.5']
18
15
['39', 'Mika Zibanejad', '2018-19', 'NYR', 'C', '82', '30', '44', '74', '-12', '47', '0.90', '11', '23', '2', '2', '5', '0', '236', '12.7', '20:34', '25.4', '49.7']
47
23
['40', 'Nicklas Backstrom', '2018-19', 'WSH', 'C', '80', '22', '52', '74', '2', '30', '0.93', '7', '25', '0', '0', '5', '1', '169', '13.0', '19:57', '22.0', '48.6']
30
25
['41', 'Mark Giordano', '2018-19', 'CGY', 'D', '78', '17', '57', '74', '39', '69', '0.95', '3', '21', '4', '6', '2', '0', '221', '7.7', '24:14', '27.9', '0.0']
69
21
['42', 'Auston Matthews', '2018-19', 'TOR', 'C', '68', '37', '36', '73', '-9', '12', '1.07', '12', '20', '0', '0', '5', '2', '251', '14.7', '18:33', '23.4', '52.1']
12
20
['43', 'Mark Stone', '2018-19', 'OTT| VGK', 'R', '77', '33', '40', '73', '17', '27', '0.95', '6', '20', '1', '1', '4', '1', '199', '16.6', '19:53', '23.1', '45.2']
27
20
['44', 'Dylan Larkin', '2018-19', 'DET', 'C', '76', '32', '41', '73', '-6', '75', '0.96', '7', '15', '2', '3', '4', '4', '287', '11.1', '21:51', '26.0', '54.5']
75
15
['45', 'David Krejci', '2018-19', 'BOS', 'C', '81', '20', '53', '73', '7', '16', '0.90', '6', '16', '0', '0', '4', '1', '139', '14.4', '17:41', '21.0', '48.4']
16
16
['46', 'Alexander Radulov', '2018-19', 'DAL', 'R', '70', '29', '43', '72', '22', '54', '1.03', '7', '23', '0', '0', '7', '1', '209', '13.9', '19:47', '25.3', '37.5']
54
23
['47', 'Max Domi', '2018-19', 'MTL', 'C', '82', '28', '44', '72', '20', '80', '0.88', '4', '11', '0', '0', '2', '0', '203', '13.8', '17:23', '21.4', '44.9']
80
11
['48', 'Evgeny Kuznetsov', '2018-19', 'WSH', 'C', '76', '21', '51', '72', '7', '50', '0.95', '8', '23', '0', '0', '3', '2', '193', '10.9', '18:47', '19.8', '38.7']
50
23
['49', 'Evgeni Malkin', '2018-19', 'PIT', 'C', '68', '21', '51', '72', '-25', '89', '1.06', '9', '26', '0', '0', '5', '0', '187', '11.2', '18:48', '22.9', '45.7']
89
26
['50', 'Morgan Rielly', '2018-19', 'TOR', 'D', '82', '20', '52', '72', '24', '14', '0.88', '3', '21', '0', '0', '5', '2', '223', '9.0', '23:07', '28.8', '0.0']
14
21
['51', 'Mike Hoffman', '2018-19', 'FLA', 'L', '82', '36', '34', '70', '-24', '30', '0.85', '17', '35', '0', '0', '6', '3', '253', '14.2', '17:50', '21.2', '34.2']
30
35
['52', 'Matt Duchene', '2018-19', 'OTT| CBJ', 'C', '73', '31', '39', '70', '-3', '8', '0.96', '6', '14', '0', '0', '1', '0', '172', '18.0', '18:50', '21.9', '55.3']
8
14
['53', 'Evgenii Dadonov', '2018-19', 'FLA', 'R', '82', '28', '42', '70', '-6', '8', '0.85', '8', '17', '0', '0', '4', '0', '195', '14.3', '18:22', '22.4', '40.0']
8
17
['54', 'Logan Couture', '2018-19', 'SJS', 'C', '81', '27', '43', '70', '-6', '22', '0.86', '6', '18', '2', '2', '3', '0', '204', '13.2', '18:36', '24.3', '46.3']
22
18
['55', 'John Carlson', '2018-19', 'WSH', 'D', '80', '13', '57', '70', '21', '34', '0.88', '3', '33', '0', '0', '1', '0', '185', '7.0', '25:04', '25.5', '0.0']
34
33
['56', 'Cam Atkinson', '2018-19', 'CBJ', 'R', '80', '41', '28', '69', '3', '20', '0.86', '8', '14', '4', '4', '8', '0', '295', '13.9', '19:23', '24.4', '31.6']
20
14
['57', 'Ryan Nugent-Hopkins', '2018-19', 'EDM', 'C', '82', '28', '41', '69', '-13', '26', '0.84', '8', '26', '1', '3', '3', '0', '208', '13.5', '20:06', '24.4', '45.1']
26
26
['58', 'Vladimir Tarasenko', '2018-19', 'STL', 'R', '76', '33', '35', '68', '8', '22', '0.89', '12', '22', '0', '0', '5', '1', '275', '12.0', '18:24', '23.3', '66.7']
22
22
['59', 'Kyle Connor', '2018-19', 'WPG', 'L', '82', '34', '32', '66', '-7', '18', '0.80', '11', '19', '1', '1', '5', '0', '227', '15.0', '19:15', '21.3', '61.5']
18
19
['60', 'Timo Meier', '2018-19', 'SJS', 'R', '78', '30', '36', '66', '9', '55', '0.85', '6', '10', '0', '1', '2', '2', '250', '12.0', '16:58', '22.2', '31.6']
55
10
['61', 'Elias Pettersson', '2018-19', 'VAN', 'C', '71', '28', '38', '66', '3', '12', '0.93', '10', '22', '0', '0', '7', '1', '144', '19.4', '18:14', '22.5', '41.0']
12
22
['62', 'Jakub Voracek', '2018-19', 'PHI', 'R', '78', '20', '46', '66', '-16', '25', '0.85', '4', '18', '0', '0', '2', '0', '210', '9.5', '18:40', '22.8', '40.0']
25
18
['63', 'Sam Reinhart', '2018-19', 'BUF', 'C', '82', '22', '43', '65', '-10', '16', '0.79', '2', '15', '0', '0', '1', '0', '180', '12.2', '18:57', '21.1', '35.6']
16
15
['64', 'Joe Pavelski', '2018-19', 'SJS', 'C', '75', '38', '26', '64', '-4', '22', '0.85', '12', '21', '1', '1', '6', '1', '188', '20.2', '19:03', '24.1', '53.2']
22
21
['65', 'Ryan Johansen', '2018-19', 'NSH', 'C', '80', '14', '50', '64', '7', '42', '0.80', '0', '16', '1', '2', '6', '1', '136', '10.3', '19:33', '25.0', '53.5']
42
16
['66', 'Jeff Skinner', '2018-19', 'BUF', 'L', '82', '40', '23', '63', '0', '36', '0.77', '8', '16', '0', '0', '7', '3', '268', '14.9', '18:31', '21.0', '52.1']
36
16
['67', 'Mathew Barzal', '2018-19', 'NYI', 'C', '82', '18', '44', '62', '-5', '46', '0.76', '3', '18', '0', '0', '3', '1', '179', '10.1', '17:55', '19.5', '41.5']
46
18
['68', 'Keith Yandle', '2018-19', 'FLA', 'D', '82', '9', '53', '62', '-17', '50', '0.76', '7', '39', '0', '0', '2', '0', '199', '4.5', '22:27', '28.1', '0.0']
50
39
['69', 'Zach Parise', '2018-19', 'MIN', 'L', '74', '28', '33', '61', '-2', '26', '0.82', '10', '16', '0', '2', '5', '0', '229', '12.2', '18:40', '22.5', '26.5']
26
16
['70', 'Bo Horvat', '2018-19', 'VAN', 'C', '82', '27', '34', '61', '-4', '33', '0.74', '7', '18', '2', '3', '3', '2', '227', '11.9', '20:50', '27.0', '53.7']
33
18
['71', 'Pierre-Luc Dubois', '2018-19', 'CBJ', 'C', '82', '27', '34', '61', '16', '64', '0.74', '2', '9', '0', '0', '5', '1', '174', '15.5', '17:43', '22.2', '43.5']
64
9
['72', 'Anze Kopitar', '2018-19', 'LAK', 'C', '81', '22', '38', '60', '-20', '30', '0.74', '1', '19', '2', '2', '3', '0', '156', '14.1', '22:18', '26.5', '55.1']
30
19
['73', 'Gustav Nyquist', '2018-19', 'DET| SJS', 'C', '81', '22', '38', '60', '1', '12', '0.74', '2', '12', '0', '0', '3', '1', '204', '10.8', '17:31', '22.4', '50.0']
12
12
['74', 'Erik Gustafsson', '2018-19', 'CHI', 'D', '79', '17', '43', '60', '-6', '34', '0.76', '4', '18', '0', '0', '3', '2', '160', '10.6', '22:35', '25.6', '0.0']
34
18
['75', 'Jonathan Marchessault', '2018-19', 'VGK', 'C', '82', '25', '34', '59', '2', '52', '0.72', '5', '16', '0', '0', '6', '1', '278', '9.0', '18:09', '20.0', '37.2']
52
16
['76', 'Tyson Barrie', '2018-19', 'COL', 'D', '78', '14', '45', '59', '-3', '36', '0.76', '2', '25', '0', '0', '2', '0', '218', '6.4', '21:47', '23.7', '0.0']
36
25
['77', 'Tomas Tatar', '2018-19', 'MTL', 'L', '80', '25', '33', '58', '21', '34', '0.72', '4', '8', '0', '0', '4', '0', '195', '12.8', '16:25', '21.7', '25.6']
34
8
['78', 'Dylan Strome', '2018-19', 'ARI| CHI', 'C', '78', '20', '37', '57', '-8', '20', '0.73', '6', '16', '0', '0', '3', '0', '145', '13.8', '16:09', '19.4', '48.4']
20
16
['79', 'Evander Kane', '2018-19', 'SJS', 'L', '75', '30', '26', '56', '-4', '153', '0.75', '5', '11', '1', '2', '1', '0', '268', '11.2', '18:25', '23.1', '43.4']
153
11
['80', 'Ryan Dzingel', '2018-19', 'OTT| CBJ', 'C', '78', '26', '30', '56', '-9', '29', '0.72', '5', '11', '0', '0', '5', '2', '159', '16.4', '16:49', '20.3', '41.0']
29
11
['81', 'Brock Boeser', '2018-19', 'VAN', 'R', '69', '26', '30', '56', '-2', '22', '0.81', '6', '15', '0', '0', '3', '1', '209', '12.4', '19:10', '23.5', '43.3']
22
15
['82', 'William Karlsson', '2018-19', 'VGK', 'C', '82', '24', '32', '56', '1', '16', '0.68', '7', '14', '1', '3', '5', '0', '169', '14.2', '18:51', '21.2', '47.6']
16
14
['83', 'Kevin Labanc', '2018-19', 'SJS', 'R', '82', '17', '39', '56', '-1', '36', '0.68', '2', '20', '0', '0', '4', '2', '130', '13.1', '14:01', '18.5', '39.1']
36
20
['84', 'Josh Bailey', '2018-19', 'NYI', 'R', '82', '16', '40', '56', '8', '21', '0.68', '2', '14', '1', '1', '4', '1', '126', '12.7', '16:50', '20.0', '51.5']
21
14
['85', 'Kris Letang', '2018-19', 'PIT', 'D', '65', '16', '40', '56', '13', '48', '0.86', '2', '19', '1', '2', '3', '1', '206', '7.8', '25:58', '29.6', '0.0']
48
19
['86', 'Roman Josi', '2018-19', 'NSH', 'D', '82', '15', '41', '56', '9', '42', '0.68', '2', '12', '0', '1', '4', '0', '274', '5.5', '25:10', '28.8', '0.0']
42
12
['87', 'Kevin Hayes', '2018-19', 'NYR| WPG', 'R', '71', '19', '36', '55', '-2', '12', '0.77', '3', '11', '2', '3', '2', '1', '156', '12.2', '18:17', '22.9', '49.2']
12
11
['88', 'Thomas Chabot', '2018-19', 'OTT', 'D', '70', '14', '41', '55', '-12', '32', '0.79', '1', '16', '1', '1', '2', '1', '185', '7.6', '24:17', '27.7', '0.0']
32
16
['89', 'Andreas Athanasiou', '2018-19', 'DET', 'C', '76', '30', '24', '54', '-9', '38', '0.71', '3', '11', '0', '0', '4', '1', '216', '13.9', '16:58', '22.1', '42.9']
38
11
['90', 'T.J. Oshie', '2018-19', 'WSH', 'R', '69', '25', '29', '54', '5', '36', '0.78', '6', '14', '1', '1', '4', '0', '143', '17.5', '18:37', '20.6', '41.0']
36
14
['91', 'Brayden Schenn', '2018-19', 'STL', 'C', '72', '17', '37', '54', '3', '40', '0.75', '4', '12', '0', '0', '5', '1', '159', '10.7', '18:35', '22.8', '47.5']
40
12
['92', 'Mikael Granlund', '2018-19', 'MIN| NSH', 'C', '79', '16', '38', '54', '-8', '24', '0.68', '2', '20', '2', '2', '5', '1', '189', '8.5', '18:21', '21.9', '44.8']
24
20
['93', 'Victor Hedman', '2018-19', 'TBL', 'D', '70', '12', '42', '54', '24', '44', '0.77', '2', '25', '0', '1', '4', '2', '182', '6.6', '22:46', '24.8', '0.0']
44
25
['94', 'Jamie Benn', '2018-19', 'DAL', 'L', '78', '27', '26', '53', '14', '56', '0.68', '8', '11', '0', '0', '2', '0', '189', '14.3', '18:14', '25.2', '49.0']
56
11
['95', 'Brock Nelson', '2018-19', 'NYI', 'C', '82', '25', '28', '53', '20', '28', '0.65', '2', '8', '1', '1', '3', '1', '181', '13.8', '17:58', '22.3', '47.7']
28
8
['96', 'Nino Niederreiter', '2018-19', 'MIN| CAR', 'R', '82', '23', '30', '53', '-4', '30', '0.65', '6', '15', '0', '0', '3', '0', '184', '12.5', '16:14', '20.0', '55.2']
30
15
['97', 'Justin Williams', '2018-19', 'CAR', 'R', '82', '23', '30', '53', '-4', '44', '0.65', '9', '14', '0', '0', '5', '0', '237', '9.7', '17:27', '22.1', '38.0']
44
14
['98', 'Reilly Smith', '2018-19', 'VGK', 'R', '74', '19', '34', '53', '13', '14', '0.72', '4', '14', '1', '4', '1', '0', '178', '10.7', '18:16', '21.1', '71.4']
14
14
['99', 'Jonathan Drouin', '2018-19', 'MTL', 'L', '81', '18', '35', '53', '-8', '26', '0.65', '3', '16', '0', '0', '3', '1', '190', '9.5', '16:56', '21.1', '42.0']
26
16
['100', 'Phillip Danault', '2018-19', 'MTL', 'C', '81', '12', '41', '53', '17', '39', '0.65', '0', '4', '0', '2', '1', '0', '132', '9.1', '17:47', '24.9', '55.5']
39
4
['101', 'Torey Krug', '2018-19', 'BOS', 'D', '64', '6', '47', '53', '-2', '33', '0.83', '2', '30', '0', '0', '2', '1', '151', '4.0', '21:18', '25.0', '0.0']
33
30
['102', 'Brendan Gallagher', '2018-19', 'MTL', 'R', '82', '33', '19', '52', '10', '49', '0.63', '4', '7', '0', '0', '4', '0', '302', '10.9', '16:24', '21.6', '45.1']
49
7
['103', 'Chris Kreider', '2018-19', 'NYR', 'L', '79', '28', '24', '52', '4', '57', '0.66', '7', '12', '0', '0', '2', '0', '201', '13.9', '17:24', '22.6', '37.5']
57
12
['104', 'Eric Staal', '2018-19', 'MIN', 'C', '81', '22', '30', '52', '-7', '34', '0.64', '7', '15', '0', '1', '6', '0', '215', '10.2', '18:08', '20.9', '51.1']
34
15
['105', 'Alex Tuch', '2018-19', 'VGK', 'R', '74', '20', '32', '52', '13', '8', '0.70', '3', '6', '0', '0', '6', '1', '180', '11.1', '16:44', '18.2', '38.4']
8
6
['106', 'Anders Lee', '2018-19', 'NYI', 'L', '82', '28', '23', '51', '20', '58', '0.62', '10', '16', '0', '0', '5', '0', '204', '13.7', '17:05', '20.3', '48.4']
58
16
['107', 'Dustin Brown', '2018-19', 'LAK', 'R', '72', '22', '29', '51', '-17', '24', '0.71', '9', '12', '1', '2', '3', '2', '180', '12.2', '20:24', '25.3', '5.9']
24
12
['108', 'Joe Thornton', '2018-19', 'SJS', 'C', '73', '16', '35', '51', '8', '20', '0.70', '3', '15', '0', '0', '4', '0', '90', '17.8', '15:33', '20.4', '52.7']
20
15
['109', 'Patrik Laine', '2018-19', 'WPG', 'R', '82', '30', '20', '50', '-24', '42', '0.61', '15', '23', '0', '0', '3', '0', '245', '12.2', '17:14', '19.8', '36.7']
42
23
['110', 'Filip Forsberg', '2018-19', 'NSH', 'L', '64', '28', '22', '50', '8', '26', '0.78', '7', '10', '2', '2', '4', '1', '217', '12.9', '18:37', '24.6', '14.3']
26
10
['111', 'Kyle Palmieri', '2018-19', 'NJD', 'R', '74', '27', '23', '50', '-9', '42', '0.68', '11', '18', '0', '0', '2', '0', '224', '12.0', '18:09', '21.4', '27.9']
42
18
['112', 'Jacob Trouba', '2018-19', 'WPG', 'D', '82', '8', '42', '50', '8', '58', '0.61', '3', '18', '1', '3', '1', '1', '162', '4.9', '22:53', '24.4', '0.0']
58
18
['113', 'Travis Konecny', '2018-19', 'PHI', 'R', '82', '24', '25', '49', '-4', '40', '0.60', '4', '8', '0', '0', '3', '1', '182', '13.2', '15:16', '20.1', '31.8']
40
8
['114', 'Carl Soderberg', '2018-19', 'COL', 'C', '82', '23', '26', '49', '-5', '26', '0.60', '2', '10', '3', '3', '2', '0', '188', '12.2', '17:27', '22.7', '49.3']
26
10
['115', 'Viktor Arvidsson', '2018-19', 'NSH', 'R', '58', '34', '14', '48', '12', '26', '0.83', '3', '4', '2', '3', '7', '0', '195', '17.4', '19:09', '23.9', '11.8']
26
4
['116', 'James van Riemsdyk', '2018-19', 'PHI', 'L', '66', '27', '21', '48', '-10', '18', '0.73', '8', '13', '0', '0', '4', '0', '167', '16.2', '16:36', '20.3', '54.5']
18
13
['117', 'Anthony Mantha', '2018-19', 'DET', 'R', '67', '25', '23', '48', '-8', '30', '0.72', '7', '13', '0', '0', '1', '1', '198', '12.6', '17:50', '21.4', '44.0']
30
13
['118', 'Yanni Gourde', '2018-19', 'TBL', 'C', '80', '22', '26', '48', '9', '66', '0.60', '5', '9', '1', '2', '5', '1', '130', '16.9', '15:50', '20.0', '53.3']
66
9
['119', 'Ryan Getzlaf', '2018-19', 'ANA', 'C', '67', '14', '34', '48', '-19', '58', '0.72', '1', '11', '0', '0', '2', '1', '133', '10.5', '19:28', '23.4', '54.3']
58
11
['120', 'Chris Tierney', '2018-19', 'OTT', 'C', '81', '9', '39', '48', '-22', '26', '0.59', '0', '10', '0', '0', '1', '0', '116', '7.8', '17:02', '21.4', '50.9']
26
10
['121', 'Tyler Johnson', '2018-19', 'TBL', 'C', '80', '29', '18', '47', '15', '28', '0.59', '1', '8', '1', '1', '4', '0', '163', '17.8', '15:57', '20.6', '48.6']
28
8
['122', 'Josh Anderson', '2018-19', 'CBJ', 'R', '82', '27', '20', '47', '25', '60', '0.57', '3', '7', '2', '3', '5', '0', '230', '11.7', '17:01', '22.1', '31.6']
60
7
['123', 'Jakub Vrana', '2018-19', 'WSH', 'L', '82', '24', '23', '47', '20', '27', '0.57', '1', '4', '0', '0', '4', '0', '161', '14.9', '14:02', '17.3', '40.0']
27
4
['124', 'Brandon Saad', '2018-19', 'CHI', 'L', '80', '23', '24', '47', '-9', '12', '0.59', '5', '6', '3', '3', '3', '0', '195', '11.8', '17:41', '23.3', '38.7']
12
6
['125', 'Tyler Bertuzzi', '2018-19', 'DET', 'L', '73', '21', '26', '47', '11', '36', '0.64', '3', '6', '0', '0', '4', '1', '131', '16.0', '16:31', '21.2', '33.3']
36
6
['126', 'Mikael Backlund', '2018-19', 'CGY', 'C', '77', '21', '26', '47', '34', '52', '0.61', '1', '2', '1', '2', '4', '1', '205', '10.2', '17:54', '23.2', '49.6']
52
2
['127', 'Andrew Shaw', '2018-19', 'MTL', 'R', '63', '19', '28', '47', '17', '71', '0.75', '3', '6', '0', '0', '3', '0', '135', '14.1', '15:55', '20.1', '47.1']
71
6
['128', 'Nico Hischier', '2018-19', 'NJD', 'C', '69', '17', '30', '47', '0', '24', '0.68', '3', '11', '0', '0', '3', '3', '160', '10.6', '18:06', '21.5', '45.2']
24
11
['129', 'Clayton Keller', '2018-19', 'ARI', 'C', '82', '14', '33', '47', '-21', '24', '0.57', '1', '19', '0', '0', '5', '0', '200', '7.0', '18:14', '23.2', '33.3']
24
19
['130', 'J.T. Miller', '2018-19', 'TBL', 'C', '75', '13', '34', '47', '8', '30', '0.63', '4', '20', '0', '0', '4', '0', '108', '12.0', '14:40', '18.1', '49.4']
30
20
['131', 'Ryan Suter', '2018-19', 'MIN', 'D', '82', '7', '40', '47', '-8', '41', '0.57', '3', '15', '1', '2', '2', '0', '136', '5.1', '26:42', '27.1', '100.0']
41
15
['132', 'David Perron', '2018-19', 'STL', 'L', '57', '23', '23', '46', '3', '46', '0.81', '7', '14', '0', '0', '1', '0', '112', '20.5', '17:06', '20.9', '45.5']
46
14
['133', 'Brett Connolly', '2018-19', 'WSH', 'R', '81', '22', '24', '46', '13', '24', '0.57', '1', '2', '0', '0', '5', '0', '139', '15.8', '13:20', '15.6', '29.0']
24
2
['134', 'Travis Zajac', '2018-19', 'NJD', 'C', '80', '19', '27', '46', '-25', '20', '0.57', '5', '12', '2', '2', '3', '1', '120', '15.8', '19:16', '22.7', '58.2']
20
12
['135', 'Jeff Petry', '2018-19', 'MTL', 'D', '82', '13', '33', '46', '-5', '28', '0.56', '3', '11', '0', '1', '4', '2', '172', '7.5', '23:07', '26.6', '0.0']
28
11
['136', 'Ryan McDonagh', '2018-19', 'TBL', 'D', '82', '9', '37', '46', '38', '34', '0.56', '0', '3', '0', '3', '1', '0', '128', '7.0', '22:05', '25.2', '0.0']
34
3
['137', 'Seth Jones', '2018-19', 'CBJ', 'D', '75', '9', '37', '46', '1', '28', '0.61', '0', '10', '0', '3', '4', '3', '184', '4.9', '25:49', '29.5', '0.0']
28
10
['138', 'Brady Tkachuk', '2018-19', 'OTT', 'L', '71', '22', '23', '45', '-10', '75', '0.63', '4', '10', '0', '0', '3', '1', '214', '10.3', '16:01', '20.3', '49.0']
75
10
['139', 'John Klingberg', '2018-19', 'DAL', 'D', '64', '10', '35', '45', '6', '12', '0.70', '5', '20', '0', '0', '5', '0', '153', '6.5', '24:32', '26.9', '0.0']
12
20
['140', 'Drew Doughty', '2018-19', 'LAK', 'D', '82', '8', '37', '45', '-34', '44', '0.55', '7', '24', '0', '1', '1', '1', '154', '5.2', '26:36', '29.2', '0.0']
44
24
['141', 'Erik Karlsson', '2018-19', 'SJS', 'D', '53', '3', '42', '45', '6', '22', '0.85', '2', '20', '0', '0', '1', '0', '169', '1.8', '24:29', '26.1', '0.0']
22
20
['142', 'Kasperi Kapanen', '2018-19', 'TOR', 'R', '78', '20', '24', '44', '12', '27', '0.56', '1', '3', '2', '2', '3', '1', '174', '11.5', '16:37', '23.1', '50.0']
27
3
['143', 'Nazem Kadri', '2018-19', 'TOR', 'C', '73', '16', '28', '44', '-2', '43', '0.60', '4', '13', '0', '0', '5', '0', '184', '8.7', '16:11', '20.5', '55.2']
43
13
['144', 'Oliver Ekman-Larsson', '2018-19', 'ARI', 'D', '81', '14', '30', '44', '-16', '52', '0.54', '5', '19', '1', '3', '2', '0', '176', '8.0', '23:38', '27.5', '0.0']
52
19
['145', 'Zach Werenski', '2018-19', 'CBJ', 'D', '82', '11', '33', '44', '-12', '18', '0.54', '2', '15', '0', '0', '1', '0', '168', '6.5', '22:54', '27.4', '0.0']
18
15
['146', 'Rasmus Dahlin', '2018-19', 'BUF', 'D', '82', '9', '35', '44', '-13', '34', '0.54', '5', '20', '0', '0', '4', '0', '177', '5.1', '21:09', '23.2', '0.0']
34
20
['147', 'Mattias Ekholm', '2018-19', 'NSH', 'D', '80', '8', '36', '44', '27', '47', '0.55', '2', '7', '0', '2', '3', '1', '146', '5.5', '23:22', '28.6', '0.0']
47
7
['148', 'Jakob Silfverberg', '2018-19', 'ANA', 'R', '73', '24', '19', '43', '-9', '28', '0.59', '3', '11', '2', '3', '4', '1', '163', '14.7', '17:06', '22.5', '37.3']
28
11
['149', 'Andreas Johnsson', '2018-19', 'TOR', 'L', '73', '20', '23', '43', '14', '32', '0.59', '3', '6', '0', '0', '3', '0', '130', '15.4', '13:40', '19.3', '36.8']
32
6
['150', 'Rickard Rakell', '2018-19', 'ANA', 'L', '69', '18', '25', '43', '-13', '27', '0.62', '6', '13', '0', '0', '2', '1', '194', '9.3', '18:28', '22.1', '35.4']
27
13
['151', 'Jared Spurgeon', '2018-19', 'MIN', 'D', '82', '14', '29', '43', '-1', '20', '0.52', '4', '11', '0', '1', '0', '0', '152', '9.2', '24:09', '26.5', '100.0']
20
11
['152', 'Rasmus Ristolainen', '2018-19', 'BUF', 'D', '78', '5', '38', '43', '-41', '38', '0.55', '1', '17', '0', '0', '2', '1', '182', '2.7', '24:38', '26.6', '0.0']
38
17
['153', 'Jake DeBrusk', '2018-19', 'BOS', 'L', '68', '27', '15', '42', '2', '18', '0.62', '8', '11', '0', '0', '4', '0', '156', '17.3', '16:10', '19.4', '21.1']
18
11
['154', 'Jason Zucker', '2018-19', 'MIN', 'L', '81', '21', '21', '42', '-9', '28', '0.52', '7', '14', '0', '0', '5', '1', '214', '9.8', '17:05', '20.2', '15.4']
28
14
['155', 'Adam Henrique', '2018-19', 'ANA', 'C', '82', '18', '24', '42', '-5', '24', '0.51', '8', '13', '0', '1', '3', '0', '122', '14.8', '16:27', '21.6', '52.7']
24
13
['156', 'Alexander Kerfoot', '2018-19', 'COL', 'C', '78', '15', '27', '42', '-9', '38', '0.54', '4', '16', '0', '0', '1', '0', '116', '12.9', '14:53', '19.1', '56.0']
38
16
['157', 'Bobby Ryan', '2018-19', 'OTT', 'R', '78', '15', '27', '42', '-29', '35', '0.54', '7', '16', '0', '0', '1', '0', '160', '9.4', '15:41', '20.0', '30.8']
35
16
['158', 'Paul Stastny', '2018-19', 'VGK', 'C', '50', '13', '29', '42', '14', '30', '0.84', '1', '4', '1', '2', '2', '0', '103', '12.6', '18:06', '20.1', '54.7']
30
4
['159', 'Cody Eakin', '2018-19', 'VGK', 'C', '78', '22', '19', '41', '19', '16', '0.53', '1', '4', '3', '3', '3', '0', '120', '18.3', '15:23', '18.2', '50.9']
16
4
['160', 'Zach Hyman', '2018-19', 'TOR', 'L', '71', '21', '20', '41', '16', '65', '0.58', '0', '0', '1', '1', '4', '0', '144', '14.6', '17:17', '23.9', '47.7']
65
0
['161', 'Alex Galchenyuk', '2018-19', 'ARI', 'C', '72', '19', '22', '41', '-19', '34', '0.57', '9', '21', '0', '0', '4', '1', '159', '11.9', '15:44', '20.6', '45.7']
34
21
['162', 'Bryan Little', '2018-19', 'WPG', 'C', '82', '15', '26', '41', '-12', '26', '0.50', '4', '7', '0', '2', '5', '1', '126', '11.9', '15:50', '21.0', '52.5']
26
7
['163', 'Colin White', '2018-19', 'OTT', 'C', '71', '14', '27', '41', '-24', '24', '0.58', '5', '8', '0', '0', '2', '1', '123', '11.4', '16:12', '20.5', '47.4']
24
8
['164', 'Alex Pietrangelo', '2018-19', 'STL', 'D', '71', '13', '28', '41', '2', '22', '0.58', '3', '15', '0', '1', '2', '0', '168', '7.7', '24:05', '29.0', '0.0']
22
15
['165', 'Darnell Nurse', '2018-19', 'EDM', 'D', '82', '10', '31', '41', '-5', '87', '0.50', '1', '9', '0', '1', '1', '1', '196', '5.1', '23:49', '28.1', '0.0']
87
9
['166', 'Ryan Ellis', '2018-19', 'NSH', 'D', '82', '7', '34', '41', '21', '20', '0.50', '1', '5', '1', '1', '2', '0', '149', '4.7', '24:01', '28.3', '0.0']
20
5
['167', 'Max Pacioretty', '2018-19', 'VGK', 'L', '66', '22', '18', '40', '-13', '36', '0.61', '4', '8', '0', '0', '5', '1', '191', '11.5', '17:00', '18.4', '39.6']
36
8
['168', 'Tom Wilson', '2018-19', 'WSH', 'R', '63', '22', '18', '40', '11', '128', '0.63', '3', '5', '2', '2', '2', '0', '130', '16.9', '18:09', '21.3', '54.7']
128
5
['169', 'Alex Killorn', '2018-19', 'TBL', 'L', '82', '18', '22', '40', '22', '45', '0.49', '2', '5', '1', '2', '2', '1', '153', '11.8', '14:52', '19.9', '20.0']
45
5
['170', 'Micheal Ferland', '2018-19', 'CAR', 'L', '71', '17', '23', '40', '13', '58', '0.56', '6', '13', '0', '0', '3', '0', '156', '10.9', '14:06', '19.8', '31.5']
58
13
['171', 'Mats Zuccarello', '2018-19', 'NYR| DAL', 'C', '48', '12', '28', '40', '-8', '24', '0.83', '3', '15', '0', '0', '1', '0', '104', '11.5', '19:51', '23.5', '33.3']
24
15
['172', 'Duncan Keith', '2018-19', 'CHI', 'D', '82', '6', '34', '40', '13', '70', '0.49', '0', '3', '0', '1', '1', '1', '141', '4.3', '23:01', '27.7', '0.0']
70
3
['173', 'Frank Vatrano', '2018-19', 'FLA', 'C', '81', '24', '15', '39', '-10', '38', '0.48', '2', '8', '0', '0', '1', '0', '208', '11.5', '14:40', '20.0', '39.5']
38
8
['174', 'Anthony Cirelli', '2018-19', 'TBL', 'C', '82', '19', '20', '39', '25', '34', '0.48', '0', '1', '5', '6', '5', '1', '123', '15.4', '14:51', '20.0', '52.8']
34
1
['175', 'Dougie Hamilton', '2018-19', 'CAR', 'D', '82', '18', '21', '39', '0', '54', '0.48', '2', '7', '0', '0', '2', '0', '259', '6.9', '19:40', '24.3', '0.0']
54
7
['176', 'Vinnie Hinostroza', '2018-19', 'ARI', 'C', '72', '16', '23', '39', '-4', '14', '0.54', '3', '5', '0', '0', '3', '0', '152', '10.5', '15:16', '20.8', '37.9']
14
5
['177', 'Kevin Fiala', '2018-19', 'NSH| MIN', 'L', '83', '13', '26', '39', '-23', '36', '0.47', '2', '11', '0', '0', '2', '0', '174', '7.5', '15:38', '19.9', '37.5']
36
11
['178', 'Damon Severson', '2018-19', 'NJD', 'D', '82', '11', '28', '39', '-27', '58', '0.48', '3', '12', '0', '1', '0', '0', '146', '7.5', '22:03', '26.3', '0.0']
58
12
['179', 'Alex Chiasson', '2018-19', 'EDM', 'R', '73', '22', '16', '38', '-1', '32', '0.52', '8', '15', '1', '2', '1', '0', '123', '17.9', '16:58', '21.5', '31.8']
32
15
['180', 'Craig Smith', '2018-19', 'NSH', 'R', '76', '21', '17', '38', '11', '20', '0.50', '4', '8', '0', '0', '2', '0', '205', '10.2', '15:08', '20.3', '48.1']
20
8
['181', 'Pavel Buchnevich', '2018-19', 'NYR', 'R', '64', '21', '17', '38', '-10', '13', '0.59', '7', '12', '0', '0', '1', '0', '119', '17.6', '15:10', '19.3', '28.0']
13
12
['182', 'Boone Jenner', '2018-19', 'CBJ', 'C', '77', '16', '22', '38', '6', '42', '0.49', '1', '3', '1', '1', '3', '0', '170', '9.4', '17:04', '22.1', '54.1']
42
3
['183', 'Derek Ryan', '2018-19', 'CGY', 'C', '81', '13', '25', '38', '21', '24', '0.47', '2', '7', '0', '4', '1', '0', '103', '12.6', '13:48', '19.5', '58.2']
24
7
['184', 'Tyler Bozak', '2018-19', 'STL', 'C', '72', '13', '25', '38', '-3', '20', '0.53', '2', '8', '0', '0', '3', '0', '141', '9.2', '16:21', '21.3', '54.3']
20
8
['185', 'Nikolaj Ehlers', '2018-19', 'WPG', 'L', '62', '21', '16', '37', '2', '15', '0.60', '2', '7', '0', '0', '4', '0', '158', '13.3', '15:46', '19.2', '50.0']
15
7
['186', 'Andrei Svechnikov', '2018-19', 'CAR', 'R', '82', '20', '17', '37', '0', '62', '0.45', '0', '5', '0', '0', '3', '1', '189', '10.6', '14:39', '20.5', '14.3']
62
5
['187', 'Jordan Eberle', '2018-19', 'NYI', 'R', '78', '19', '18', '37', '-6', '17', '0.47', '7', '12', '0', '0', '5', '0', '160', '11.9', '16:32', '19.4', '45.0']
17
12
['188', 'Patric Hornqvist', '2018-19', 'PIT', 'R', '69', '18', '19', '37', '-3', '26', '0.54', '6', '12', '0', '0', '2', '0', '197', '9.1', '15:29', '20.5', '50.0']
26
12
['189', 'Patrick Marleau', '2018-19', 'TOR', 'C', '82', '16', '21', '37', '-6', '28', '0.45', '4', '10', '0', '0', '3', '0', '161', '9.9', '16:21', '21.6', '51.2']
28
10
['190', 'Artem Anisimov', '2018-19', 'CHI', 'C', '78', '15', '22', '37', '-2', '14', '0.47', '1', '4', '1', '1', '1', '0', '142', '10.6', '16:21', '20.7', '45.7']
14
4
['191', 'Joonas Donskoi', '2018-19', 'SJS', 'R', '80', '14', '23', '37', '10', '10', '0.46', '1', '3', '0', '0', '4', '0', '115', '12.2', '13:25', '18.4', '10.0']
10
3
['192', 'Dominik Kahun', '2018-19', 'CHI', 'C', '82', '13', '24', '37', '10', '6', '0.45', '1', '2', '0', '0', '2', '0', '137', '9.5', '14:09', '18.7', '36.1']
6
2
['193', 'Aaron Ekblad', '2018-19', 'FLA', 'D', '82', '13', '24', '37', '1', '47', '0.45', '5', '10', '0', '0', '1', '1', '180', '7.2', '23:39', '30.1', '0.0']
47
10
['194', 'Shea Theodore', '2018-19', 'VGK', 'D', '79', '12', '25', '37', '-4', '20', '0.47', '4', '9', '0', '1', '1', '1', '202', '5.9', '20:06', '24.5', '100.0']
20
9
['196', 'Shayne Gostisbehere', '2018-19', 'PHI', 'D', '78', '9', '28', '37', '-20', '22', '0.47', '4', '14', '0', '0', '2', '1', '180', '5.0', '19:40', '22.7', '0.0']
22
14
['197', 'Jake Muzzin', '2018-19', 'LAK| TOR', 'D', '80', '9', '28', '37', '21', '47', '0.46', '1', '5', '0', '1', '1', '0', '141', '6.4', '21:20', '27.6', '0.0']
47
5
['198', 'Ryan Pulock', '2018-19', 'NYI', 'D', '82', '9', '28', '37', '21', '22', '0.45', '3', '9', '0', '0', '3', '1', '180', '5.0', '22:22', '27.8', '0.0']
22
9
['199', 'Oliver Bjorkstrand', '2018-19', 'CBJ', 'R', '77', '23', '13', '36', '8', '8', '0.47', '3', '3', '0', '0', '1', '0', '161', '14.3', '12:20', '16.2', '38.5']
8
3
['200', 'Blake Coleman', '2018-19', 'NJD', 'C', '78', '22', '14', '36', '-19', '71', '0.46', '3', '3', '3', '5', '3', '0', '213', '10.3', '17:01', '21.2', '41.6']
71
3
['201', 'Thomas Vanek', '2018-19', 'DET', 'L', '64', '16', '20', '36', '-12', '26', '0.56', '4', '11', '0', '0', '1', '0', '108', '14.8', '14:07', '18.6', '28.0']
26
11
['202', 'Lars Eller', '2018-19', 'WSH', 'C', '81', '13', '23', '36', '-1', '37', '0.44', '0', '3', '1', '3', '1', '1', '163', '8.0', '16:32', '19.5', '49.0']
37
3
['203', 'Jaden Schwartz', '2018-19', 'STL', 'L', '69', '11', '25', '36', '-6', '16', '0.52', '2', '5', '0', '0', '1', '0', '183', '6.0', '18:08', '22.8', '48.6']
16
5
['204', 'Ryan Strome', '2018-19', 'EDM| NYR', 'C', '81', '19', '16', '35', '-3', '64', '0.43', '4', '7', '0', '0', '2', '2', '110', '17.3', '15:34', '20.5', '47.6']
64
7
['205', 'Jared McCann', '2018-19', 'FLA| PIT', 'C', '78', '19', '16', '35', '-1', '31', '0.45', '1', '3', '4', '4', '2', '0', '150', '12.7', '14:32', '21.7', '46.2']
31
3
['206', 'Bryan Rust', '2018-19', 'PIT', 'R', '72', '18', '17', '35', '10', '24', '0.49', '0', '0', '2', '4', '4', '0', '141', '12.8', '15:54', '22.4', '33.3']
24
0
['207', 'Jimmy Vesey', '2018-19', 'NYR', 'L', '81', '17', '18', '35', '-6', '21', '0.43', '1', '4', '0', '0', '4', '0', '154', '11.0', '16:03', '20.8', '25.0']
21
4
['208', 'Nick Foligno', '2018-19', 'CBJ', 'L', '73', '17', '18', '35', '12', '44', '0.48', '2', '4', '0', '0', '2', '0', '141', '12.0', '17:42', '22.2', '56.6']
44
4
['209', 'Nick Bonino', '2018-19', 'NSH', 'C', '81', '17', '18', '35', '27', '18', '0.43', '3', '3', '0', '1', '1', '0', '118', '14.4', '16:18', '23.1', '51.8']
18
3
['210', 'Derek Stepan', '2018-19', 'ARI', 'C', '72', '15', '20', '35', '-2', '14', '0.49', '1', '3', '3', '3', '3', '1', '195', '7.7', '19:13', '25.6', '47.3']
14
3
['211', 'Vince Dunn', '2018-19', 'STL', 'D', '78', '12', '23', '35', '14', '45', '0.45', '3', '8', '0', '0', '4', '1', '150', '8.0', '17:32', '23.3', '0.0']
45
8
['212', 'Justin Faulk', '2018-19', 'CAR', 'D', '82', '11', '24', '35', '9', '47', '0.43', '6', '10', '0', '0', '3', '0', '217', '5.1', '22:25', '26.2', '0.0']
47
10
['213', 'Frans Nielsen', '2018-19', 'DET', 'C', '72', '10', '25', '35', '-7', '14', '0.49', '0', '8', '0', '1', '4', '0', '120', '8.3', '16:41', '22.8', '48.8']
14
8
['214', 'Travis Sanheim', '2018-19', 'PHI', 'D', '82', '9', '26', '35', '-4', '22', '0.43', '2', '5', '0', '0', '2', '1', '121', '7.4', '19:34', '24.5', '0.0']
22
5
['215', 'Brandon Montour', '2018-19', 'ANA| BUF', 'D', '82', '8', '27', '35', '-20', '56', '0.43', '1', '6', '0', '0', '2', '0', '181', '4.4', '22:27', '27.5', '0.0']
56
6
['216', 'Mikkel Boedker', '2018-19', 'OTT', 'L', '71', '7', '28', '35', '-23', '6', '0.49', '2', '7', '0', '0', '1', '0', '88', '8.0', '14:01', '18.0', '38.9']
6
7
['217', 'Michael Frolik', '2018-19', 'CGY', 'R', '65', '16', '18', '34', '24', '26', '0.52', '0', '0', '2', '2', '4', '0', '132', '12.1', '13:22', '17.5', '34.2']
26
0
['218', 'Ilya Kovalchuk', '2018-19', 'LAK', 'L', '64', '16', '18', '34', '-26', '10', '0.53', '4', '9', '0', '0', '1', '1', '141', '11.3', '16:14', '19.7', '44.4']
10
9
['219', 'Conor Sheary', '2018-19', 'BUF', 'L', '78', '14', '20', '34', '-18', '12', '0.44', '4', '6', '0', '0', '3', '1', '147', '9.5', '14:37', '19.0', '55.9']
12
6
['220', 'Tyler Toffoli', '2018-19', 'LAK', 'R', '82', '13', '21', '34', '-16', '23', '0.41', '3', '5', '0', '0', '3', '2', '226', '5.8', '17:13', '23.2', '47.0']
23
5
['221', 'Charlie Coyle', '2018-19', 'MIN| BOS', 'C', '81', '12', '22', '34', '-1', '20', '0.42', '1', '4', '1', '1', '2', '0', '155', '7.7', '16:47', '20.7', '45.9']
20
4
['222', 'Danton Heinen', '2018-19', 'BOS', 'C', '77', '11', '23', '34', '13', '16', '0.44', '1', '7', '0', '0', '2', '0', '114', '9.6', '13:58', '17.5', '16.7']
16
7
['223', 'Jesperi Kotkaniemi', '2018-19', 'MTL', 'C', '79', '11', '23', '34', '1', '26', '0.43', '1', '5', '0', '0', '2', '0', '134', '8.2', '13:44', '18.4', '45.7']
26
5
['224', 'Alexander Edler', '2018-19', 'VAN', 'D', '56', '10', '24', '34', '3', '54', '0.61', '4', '17', '0', '1', '2', '2', '128', '7.8', '24:34', '30.1', '0.0']
54
17
['225', 'Vincent Trocheck', '2018-19', 'FLA', 'C', '55', '10', '24', '34', '-9', '54', '0.62', '3', '13', '1', '1', '1', '0', '158', '6.3', '19:40', '24.8', '51.8']
54
13
['226', 'TJ Brodie', '2018-19', 'CGY', 'D', '79', '9', '25', '34', '29', '24', '0.43', '1', '4', '1', '1', '1', '1', '102', '8.8', '21:28', '26.4', '0.0']
24
4
['227', 'Ondrej Palat', '2018-19', 'TBL', 'L', '64', '8', '26', '34', '4', '20', '0.53', '2', '8', '0', '0', '1', '0', '100', '8.0', '14:53', '18.9', '11.8']
20
8
['228', 'Casey Cizikas', '2018-19', 'NYI', 'C', '73', '20', '13', '33', '22', '36', '0.45', '0', '0', '2', '3', '3', '0', '111', '18.0', '14:01', '20.2', '49.1']
36
0
['229', 'Anthony Duclair', '2018-19', 'CBJ| OTT', 'L', '74', '19', '14', '33', '-2', '14', '0.45', '7', '8', '0', '0', '3', '0', '132', '14.4', '12:42', '17.4', '13.3']
14
8
['230', 'Oskar Lindblom', '2018-19', 'PHI', 'L', '81', '17', '16', '33', '-9', '20', '0.41', '2', '3', '0', '0', '2', '0', '162', '10.5', '13:45', '18.9', '30.0']
20
3
['231', 'Alex Iafallo', '2018-19', 'LAK', 'L', '82', '15', '18', '33', '-17', '22', '0.40', '2', '6', '0', '0', '2', '0', '148', '10.1', '16:50', '22.2', '29.2']
22
6
['232', 'Richard Panik', '2018-19', 'ARI', 'R', '75', '14', '19', '33', '-3', '44', '0.44', '0', '2', '1', '1', '2', '1', '140', '10.0', '16:37', '23.1', '27.8']
44
2
['233', 'Shea Weber', '2018-19', 'MTL', 'D', '58', '14', '19', '33', '15', '28', '0.57', '5', '6', '0', '0', '3', '0', '166', '8.4', '23:29', '27.1', '0.0']
28
6
['234', 'Jeff Carter', '2018-19', 'LAK', 'C', '76', '13', '20', '33', '-20', '42', '0.43', '5', '13', '1', '2', '1', '0', '174', '7.5', '18:09', '24.0', '51.3']
42
13
['235', 'Miro Heiskanen', '2018-19', 'DAL', 'D', '82', '12', '21', '33', '-14', '16', '0.40', '2', '8', '0', '1', '4', '0', '182', '6.6', '23:07', '27.8', '0.0']
16
8
['236', 'Robert Thomas', '2018-19', 'STL', 'C', '70', '9', '24', '33', '-2', '14', '0.47', '3', '7', '0', '0', '0', '0', '80', '11.3', '13:04', '16.9', '44.1']
14
7
['237', 'Jesper Bratt', '2018-19', 'NJD', 'L', '51', '8', '25', '33', '-8', '6', '0.65', '1', '8', '0', '0', '1', '0', '91', '8.8', '15:10', '18.8', '57.1']
6
8
['238', 'Noah Hanifin', '2018-19', 'CGY', 'D', '80', '5', '28', '33', '18', '12', '0.41', '1', '5', '1', '2', '2', '0', '116', '4.3', '20:46', '25.9', '0.0']
12
5
['239', 'J.T. Compher', '2018-19', 'COL', 'L', '66', '16', '16', '32', '-8', '31', '0.48', '4', '9', '3', '3', '3', '0', '118', '13.6', '17:29', '21.8', '49.2']
31
9
['240', 'Mark Jankowski', '2018-19', 'CGY', 'C', '79', '14', '18', '32', '6', '12', '0.41', '0', '0', '5', '8', '1', '0', '99', '14.1', '12:42', '18.5', '51.9']
12
0
['241', 'Scott Laughton', '2018-19', 'PHI', 'C', '82', '12', '20', '32', '-11', '53', '0.39', '0', '0', '0', '2', '1', '0', '130', '9.2', '14:51', '20.3', '54.2']
53
0
['242', 'Esa Lindell', '2018-19', 'DAL', 'D', '82', '11', '21', '32', '14', '33', '0.39', '4', '7', '2', '2', '1', '0', '132', '8.3', '24:20', '28.2', '0.0']
33
7
['243', 'Mikhail Sergachev', '2018-19', 'TBL', 'D', '75', '6', '26', '32', '12', '28', '0.43', '0', '6', '0', '0', '0', '0', '128', '4.7', '17:55', '21.4', '50.0']
28
6
['244', 'Valtteri Filppula', '2018-19', 'NYI', 'C', '72', '17', '14', '31', '19', '16', '0.43', '0', '0', '1', '1', '4', '1', '78', '21.8', '14:16', '19.3', '49.1']
16
0
['245', 'Jason Pominville', '2018-19', 'BUF', 'R', '73', '16', '15', '31', '-4', '4', '0.42', '1', '2', '0', '0', '3', '0', '134', '11.9', '12:28', '16.9', '51.4']
4
2
['246', 'Paul Byron', '2018-19', 'MTL', 'L', '56', '15', '16', '31', '16', '17', '0.55', '0', '1', '2', '3', '3', '1', '94', '16.0', '14:34', '20.7', '34.3']
17
1
['247', 'Oskar Sundqvist', '2018-19', 'STL', 'C', '74', '14', '17', '31', '-1', '22', '0.42', '0', '1', '1', '2', '2', '0', '113', '12.4', '13:49', '18.7', '41.9']
22
1
['248', 'Nolan Patrick', '2018-19', 'PHI', 'C', '72', '13', '18', '31', '-8', '27', '0.43', '1', '2', '0', '0', '3', '1', '115', '11.3', '15:05', '20.6', '51.2']
27
2
['249', 'Vladislav Namestnikov', '2018-19', 'NYR', 'C', '78', '11', '20', '31', '-7', '44', '0.40', '1', '3', '2', '5', '3', '0', '119', '9.2', '15:48', '21.2', '40.7']
44
3
['250', 'Artturi Lehkonen', '2018-19', 'MTL', 'L', '82', '11', '20', '31', '10', '32', '0.38', '0', '0', '0', '0', '4', '0', '176', '6.3', '15:33', '21.7', '26.3']
32
0
['251', 'P.K. Subban', '2018-19', 'NSH', 'D', '63', '9', '22', '31', '5', '60', '0.49', '2', '10', '1', '1', '1', '0', '168', '5.3', '22:40', '27.5', '0.0']
60
10
['252', 'Antoine Roussel', '2018-19', 'VAN', 'L', '65', '9', '22', '31', '5', '118', '0.48', '0', '0', '0', '0', '1', '0', '84', '10.7', '13:46', '21.6', '50.0']
118
0
['253', 'Nick Ritchie', '2018-19', 'ANA', 'L', '60', '9', '22', '31', '6', '82', '0.52', '2', '9', '0', '0', '2', '0', '96', '9.4', '15:00', '19.2', '33.3']
82
9
['254', 'Tyler Myers', '2018-19', 'WPG', 'D', '80', '9', '22', '31', '11', '63', '0.39', '0', '7', '1', '2', '3', '0', '156', '5.8', '20:21', '22.6', '0.0']
63
7
['255', 'Jaccob Slavin', '2018-19', 'CAR', 'D', '82', '8', '23', '31', '0', '18', '0.38', '5', '7', '1', '2', '1', '0', '146', '5.5', '23:02', '26.9', '0.0']
18
7
['256', 'Josh Morrissey', '2018-19', 'WPG', 'D', '59', '6', '25', '31', '9', '14', '0.53', '3', '10', '1', '2', '2', '1', '95', '6.3', '22:24', '24.4', '0.0']
14
10
['257', 'Dustin Byfuglien', '2018-19', 'WPG', 'D', '42', '4', '27', '31', '4', '69', '0.74', '1', '16', '0', '0', '1', '0', '115', '3.5', '24:22', '23.6', '0.0']
69
16
['258', 'Marcus Sorensen', '2018-19', 'SJS', 'L', '80', '17', '13', '30', '10', '23', '0.38', '0', '0', '1', '2', '1', '0', '100', '17.0', '12:58', '18.5', '38.7']
23
0
['259', 'Wayne Simmonds', '2018-19', 'PHI| NSH', 'R', '79', '17', '13', '30', '-16', '99', '0.38', '5', '8', '0', '0', '2', '0', '157', '10.8', '15:40', '19.4', '23.5']
99
8
['260', 'Radek Faksa', '2018-19', 'DAL', 'C', '81', '15', '15', '30', '-3', '54', '0.37', '1', '3', '1', '2', '1', '0', '114', '13.2', '16:26', '24.1', '50.3']
54
3
['261', 'Colton Sissons', '2018-19', 'NSH', 'C', '75', '15', '15', '30', '20', '23', '0.40', '1', '2', '0', '1', '3', '1', '111', '13.5', '16:03', '22.0', '53.1']
23
2
['262', 'Mathieu Perreault', '2018-19', 'WPG', 'L', '82', '15', '15', '30', '-1', '44', '0.37', '4', '7', '0', '0', '3', '0', '95', '15.8', '12:14', '16.5', '49.0']
44
7
['263', 'Marcus Johansson', '2018-19', 'NJD| BOS', 'L', '58', '13', '17', '30', '-16', '8', '0.52', '2', '9', '0', '0', '1', '0', '115', '11.3', '15:55', '19.1', '32.0']
8
9
['264', 'Nate Schmidt', '2018-19', 'VGK', 'D', '61', '9', '21', '30', '22', '8', '0.49', '1', '8', '0', '0', '1', '0', '112', '8.0', '21:57', '25.8', '0.0']
8
8
['265', 'Will Butcher', '2018-19', 'NJD', 'D', '78', '4', '26', '30', '-17', '18', '0.38', '1', '14', '0', '0', '1', '0', '108', '3.7', '19:16', '23.1', '0.0']
18
14
['266', 'Tony DeAngelo', '2018-19', 'NYR', 'D', '61', '4', '26', '30', '6', '77', '0.49', '0', '10', '0', '0', '0', '0', '111', '3.6', '19:20', '24.5', '0.0']
77
10
['267', 'Jake Gardiner', '2018-19', 'TOR', 'D', '62', '3', '27', '30', '19', '26', '0.48', '0', '5', '0', '0', '0', '0', '78', '3.8', '21:13', '26.4', '0.0']
26
5
['268', 'Brandon Tanev', '2018-19', 'WPG', 'L', '80', '14', '15', '29', '9', '41', '0.36', '0', '0', '2', '3', '0', '0', '127', '11.0', '14:07', '21.1', '37.5']
41
0
['269', 'Kyle Okposo', '2018-19', 'BUF', 'R', '78', '14', '15', '29', '-9', '41', '0.37', '7', '11', '0', '0', '2', '0', '147', '9.5', '13:47', '17.4', '47.0']
41
11
['270', 'Loui Eriksson', '2018-19', 'VAN', 'L', '81', '11', '18', '29', '-11', '22', '0.36', '1', '3', '0', '0', '2', '0', '107', '10.3', '14:04', '20.6', '33.3']
22
3
['271', 'Devin Shore', '2018-19', 'DAL| ANA', 'C', '76', '10', '19', '29', '-12', '13', '0.38', '2', '5', '2', '2', '4', '0', '82', '12.2', '14:16', '20.5', '41.1']
13
5
['272', 'Evan Rodrigues', '2018-19', 'BUF', 'L', '74', '9', '20', '29', '-7', '25', '0.39', '2', '4', '0', '3', '1', '0', '168', '5.3', '15:49', '20.6', '46.4']
25
4
['273', 'Connor Brown', '2018-19', 'TOR', 'R', '82', '8', '21', '29', '11', '16', '0.35', '0', '1', '0', '3', '0', '0', '85', '9.4', '13:48', '19.9', '39.2']
16
1
['274', 'Mikko Koivu', '2018-19', 'MIN', 'C', '48', '8', '21', '29', '-2', '22', '0.60', '2', '12', '0', '1', '0', '0', '89', '9.0', '18:18', '22.6', '54.6']
22
12
['275', 'Brett Pesce', '2018-19', 'CAR', 'D', '73', '7', '22', '29', '35', '24', '0.40', '0', '0', '0', '2', '2', '0', '98', '7.1', '20:29', '25.0', '100.0']
24
0
['276', 'Dmitry Orlov', '2018-19', 'WSH', 'D', '82', '3', '26', '29', '3', '33', '0.35', '0', '1', '0', '0', '0', '0', '101', '3.0', '21:38', '23.3', '0.0']
33
1
['277', 'Colin Miller', '2018-19', 'VGK', 'D', '65', '3', '26', '29', '0', '44', '0.45', '1', '13', '0', '0', '0', '0', '131', '2.3', '19:39', '24.3', '0.0']
44
13
['278', 'Ryan Murray', '2018-19', 'CBJ', 'D', '56', '1', '28', '29', '20', '10', '0.52', '0', '1', '0', '0', '0', '0', '71', '1.4', '21:26', '26.8', '0.0']
10
1
['279', 'Anthony Beauvillier', '2018-19', 'NYI', 'L', '81', '18', '10', '28', '1', '8', '0.35', '1', '2', '0', '0', '4', '0', '156', '11.5', '14:39', '17.7', '45.6']
8
2
['280', 'Adrian Kempe', '2018-19', 'LAK', 'C', '81', '12', '16', '28', '-10', '50', '0.35', '0', '4', '0', '0', '2', '0', '118', '10.2', '14:30', '20.9', '42.6']
50
4
['281', 'Jordan Staal', '2018-19', 'CAR', 'C', '50', '11', '17', '28', '6', '26', '0.56', '0', '2', '0', '0', '1', '0', '121', '9.1', '18:17', '25.6', '55.8']
26
2
['282', 'Colton Parayko', '2018-19', 'STL', 'D', '80', '10', '18', '28', '20', '15', '0.35', '4', '8', '0', '1', '3', '1', '176', '5.7', '22:47', '29.1', '0.0']
15
8
['283', 'Lucas Wallmark', '2018-19', 'CAR', 'C', '81', '10', '18', '28', '-8', '36', '0.35', '2', '7', '0', '0', '4', '0', '131', '7.6', '14:48', '21.8', '50.9']
36
7
['284', 'Pat Maroon', '2018-19', 'STL', 'L', '74', '10', '18', '28', '-3', '64', '0.38', '2', '11', '0', '0', '3', '0', '118', '8.5', '14:10', '17.4', '40.0']
64
11
['285', 'Zack Smith', '2018-19', 'OTT', 'L', '70', '9', '19', '28', '-6', '81', '0.40', '0', '0', '1', '3', '1', '0', '101', '8.9', '16:21', '21.6', '49.1']
81
0
['286', 'Dominik Simon', '2018-19', 'PIT', 'C', '71', '8', '20', '28', '8', '18', '0.39', '1', '3', '0', '0', '0', '0', '121', '6.6', '13:19', '18.5', '31.6']
18
3
['287', 'Charlie McAvoy', '2018-19', 'BOS', 'D', '54', '7', '21', '28', '14', '45', '0.52', '1', '2', '0', '1', '3', '1', '79', '8.9', '22:10', '26.8', '0.0']
45
2
['288', 'Hampus Lindholm', '2018-19', 'ANA', 'D', '76', '6', '22', '28', '-5', '44', '0.37', '1', '6', '0', '1', '0', '0', '125', '4.8', '24:00', '30.0', '0.0']
44
6
['289', 'Oscar Klefbom', '2018-19', 'EDM', 'D', '61', '5', '23', '28', '-11', '16', '0.46', '1', '11', '0', '0', '2', '1', '167', '3.0', '23:59', '27.8', '0.0']
16
11
['290', 'Brent Seabrook', '2018-19', 'CHI', 'D', '78', '5', '23', '28', '-6', '41', '0.36', '2', '10', '0', '1', '1', '0', '165', '3.0', '19:06', '25.9', '0.0']
41
10
['291', 'Kevin Shattenkirk', '2018-19', 'NYR', 'D', '73', '2', '26', '28', '-15', '20', '0.38', '1', '7', '0', '0', '0', '0', '148', '1.4', '18:56', '23.1', '0.0']
20
7
['292', 'Brad Richardson', '2018-19', 'ARI', 'C', '66', '19', '8', '27', '6', '22', '0.41', '0', '0', '3', '6', '3', '0', '128', '14.8', '15:58', '23.5', '54.9']
22
0
['293', 'Tanner Pearson', '2018-19', 'LAK| PIT| VAN', 'L', '80', '18', '9', '27', '-15', '25', '0.34', '3', '5', '0', '0', '1', '0', '147', '12.2', '14:03', '20.3', '29.4']
25
5
['294', 'Sam Bennett', '2018-19', 'CGY', 'C', '71', '13', '14', '27', '-6', '93', '0.38', '4', '6', '0', '0', '2', '0', '115', '11.3', '13:17', '18.0', '55.5']
93
6
['295', 'Colin Wilson', '2018-19', 'COL', 'C', '65', '12', '15', '27', '-6', '8', '0.42', '5', '7', '0', '0', '2', '0', '104', '11.5', '13:34', '18.2', '38.5']
8
7
['296', 'Alexander Steen', '2018-19', 'STL', 'L', '65', '10', '17', '27', '2', '14', '0.42', '2', '5', '1', '2', '0', '0', '114', '8.8', '15:50', '22.0', '37.9']
14
5
['297', 'Jason Spezza', '2018-19', 'DAL', 'C', '76', '8', '19', '27', '-13', '29', '0.36', '2', '12', '0', '0', '1', '0', '121', '6.6', '13:16', '19.9', '58.2']
29
12
['298', 'Mike Matheson', '2018-19', 'FLA', 'D', '75', '8', '19', '27', '-24', '44', '0.36', '0', '6', '0', '2', '2', '1', '129', '6.2', '22:19', '28.3', '0.0']
44
6
['299', 'Nick Cousins', '2018-19', 'ARI', 'C', '81', '7', '20', '27', '-8', '35', '0.33', '1', '3', '0', '0', '2', '0', '144', '4.9', '13:33', '18.9', '46.7']
35
3
['300', 'William Nylander', '2018-19', 'TOR', 'R', '54', '7', '20', '27', '-4', '16', '0.50', '1', '6', '0', '0', '0', '0', '130', '5.4', '15:31', '21.2', '55.2']
16
6
['301', 'Nikolay Goldobin', '2018-19', 'VAN', 'R', '63', '7', '20', '27', '-10', '18', '0.43', '1', '9', '0', '1', '1', '0', '105', '6.7', '14:59', '19.7', '0.0']
18
9
['302', 'Samuel Girard', '2018-19', 'COL', 'D', '82', '4', '23', '27', '8', '6', '0.33', '0', '9', '0', '0', '0', '0', '116', '3.4', '19:54', '24.0', '100.0']
6
9
['303', 'Alex Goligoski', '2018-19', 'ARI', 'D', '76', '3', '24', '27', '-7', '16', '0.36', '1', '7', '0', '2', '0', '0', '102', '2.9', '20:49', '24.7', '100.0']
16
7
['304', 'Niklas Kronwall', '2018-19', 'DET', 'D', '79', '3', '24', '27', '-5', '40', '0.34', '1', '8', '0', '0', '0', '0', '71', '4.2', '19:57', '25.9', '0.0']
40
8
['305', 'Zack Kassian', '2018-19', 'EDM', 'R', '79', '15', '11', '26', '-6', '102', '0.33', '0', '0', '1', '1', '3', '0', '111', '13.5', '14:48', '19.8', '0.0']
102
0
['306', 'Nick Bjugstad', '2018-19', 'FLA| PIT', 'C', '64', '14', '12', '26', '6', '30', '0.41', '2', '6', '0', '0', '2', '0', '154', '9.1', '15:07', '20.9', '49.4']
30
6
['307', 'Ivan Barbashev', '2018-19', 'STL', 'C', '80', '14', '12', '26', '-4', '17', '0.33', '0', '0', '2', '2', '1', '0', '60', '23.3', '11:31', '16.7', '45.6']
17
0
['308', 'Mathieu Joseph', '2018-19', 'TBL', 'R', '70', '13', '13', '26', '5', '26', '0.37', '0', '0', '0', '2', '1', '0', '95', '13.7', '11:22', '16.4', '29.4']
26
0
['309', 'Ryan Hartman', '2018-19', 'NSH| PHI', 'R', '83', '12', '14', '26', '1', '74', '0.31', '0', '0', '0', '0', '2', '0', '145', '8.3', '13:07', '17.8', '25.0']
74
0
['310', 'Matt Calvert', '2018-19', 'COL', 'L', '82', '11', '15', '26', '-10', '58', '0.32', '1', '2', '0', '2', '0', '0', '141', '7.8', '14:12', '19.2', '43.6']
58
2
['311', 'Tyson Jost', '2018-19', 'COL', 'C', '70', '11', '15', '26', '-2', '14', '0.37', '4', '5', '0', '0', '3', '0', '114', '9.6', '13:00', '16.3', '37.7']
14
5
['312', 'Calle Jarnkrok', '2018-19', 'NSH', 'C', '79', '10', '16', '26', '13', '12', '0.33', '1', '2', '1', '1', '1', '0', '106', '9.4', '15:26', '21.4', '50.1']
12
2
['313', 'Brock McGinn', '2018-19', 'CAR', 'L', '82', '10', '16', '26', '10', '20', '0.32', '0', '0', '1', '1', '0', '0', '123', '8.1', '14:19', '20.7', '42.6']
20
0
['314', 'Ivan Provorov', '2018-19', 'PHI', 'D', '82', '7', '19', '26', '-16', '32', '0.32', '0', '2', '0', '0', '1', '0', '145', '4.8', '25:07', '28.9', '0.0']
32
2
['315', 'Cody Ceci', '2018-19', 'OTT', 'D', '74', '7', '19', '26', '-22', '18', '0.35', '0', '1', '0', '0', '2', '0', '132', '5.3', '22:34', '27.7', '0.0']
18
1
['316', 'Leo Komarov', '2018-19', 'NYI', 'R', '82', '6', '20', '26', '18', '42', '0.32', '0', '0', '0', '0', '1', '0', '78', '7.7', '13:53', '18.5', '45.6']
42
0
['317', 'Neal Pionk', '2018-19', 'NYR', 'D', '73', '6', '20', '26', '-16', '35', '0.36', '2', '13', '0', '1', '1', '0', '132', '4.5', '21:10', '27.4', '0.0']
35
13
['318', 'Mike Green', '2018-19', 'DET', 'D', '43', '5', '21', '26', '-1', '28', '0.60', '0', '3', '0', '0', '0', '0', '92', '5.4', '21:41', '27.6', '0.0']
28
3
['319', 'Nick Leddy', '2018-19', 'NYI', 'D', '82', '4', '22', '26', '0', '18', '0.32', '0', '10', '0', '0', '0', '0', '116', '3.4', '21:33', '26.0', '0.0']
18
10
['320', 'Jake Virtanen', '2018-19', 'VAN', 'R', '70', '15', '10', '25', '-4', '44', '0.36', '2', '2', '0', '0', '1', '0', '154', '9.7', '14:49', '21.7', '33.3']
44
2
['321', 'Jordan Martinook', '2018-19', 'CAR', 'L', '82', '15', '10', '25', '1', '38', '0.30', '0', '0', '1', '1', '5', '0', '146', '10.3', '14:29', '21.2', '44.0']
38
0
['322', 'Pavel Zacha', '2018-19', 'NJD', 'C', '61', '13', '12', '25', '-6', '15', '0.41', '4', '6', '2', '3', '2', '0', '99', '13.1', '16:05', '20.1', '48.9']
15
6
['323', 'Andre Burakovsky', '2018-19', 'WSH', 'L', '76', '12', '13', '25', '2', '14', '0.33', '1', '1', '0', '0', '4', '0', '100', '12.0', '11:08', '13.9', '35.0']
14
1
['324', 'Pontus Aberg', '2018-19', 'ANA| MIN', 'L', '59', '12', '13', '25', '-14', '20', '0.42', '3', '7', '0', '0', '1', '0', '101', '11.9', '14:36', '18.8', '10.5']
20
7
['325', 'Casey Mittelstadt', '2018-19', 'BUF', 'C', '77', '12', '13', '25', '-19', '10', '0.32', '3', '10', '0', '0', '1', '0', '118', '10.2', '13:27', '17.3', '39.7']
10
10
['326', 'Lawson Crouse', '2018-19', 'ARI', 'L', '81', '11', '14', '25', '5', '67', '0.31', '0', '0', '2', '2', '1', '0', '131', '8.4', '12:57', '19.8', '41.4']
67
0
['327', 'Andrew Copp', '2018-19', 'WPG', 'C', '69', '11', '14', '25', '20', '6', '0.36', '0', '0', '1', '1', '2', '0', '82', '13.4', '12:10', '17.6', '55.3']
6
0
['328', 'Ryan Donato', '2018-19', 'BOS| MIN', 'C', '56', '10', '15', '25', '-15', '6', '0.45', '3', '8', '0', '0', '1', '1', '139', '7.2', '13:42', '17.4', '39.3']
6
8
['329', 'Matt Niskanen', '2018-19', 'WSH', 'D', '80', '8', '17', '25', '-3', '41', '0.31', '1', '2', '0', '1', '1', '1', '143', '5.6', '21:56', '23.9', '0.0']
41
2
['330', 'Brady Skjei', '2018-19', 'NYR', 'D', '78', '8', '17', '25', '-4', '44', '0.32', '0', '0', '0', '1', '1', '1', '126', '6.3', '21:14', '27.4', '100.0']
44
0
['331', 'Erik Johnson', '2018-19', 'COL', 'D', '80', '7', '18', '25', '8', '38', '0.31', '0', '0', '0', '0', '1', '1', '144', '4.9', '21:49', '27.0', '0.0']
38
0
['333', 'Michal Kempny', '2018-19', 'WSH', 'D', '71', '6', '19', '25', '24', '60', '0.35', '0', '0', '0', '0', '3', '0', '111', '5.4', '19:11', '22.0', '0.0']
60
0
['334', 'Mattias Janmark', '2018-19', 'DAL', 'C', '81', '6', '19', '25', '-4', '24', '0.31', '0', '1', '0', '1', '0', '0', '105', '5.7', '15:13', '21.9', '38.5']
24
1
['335', 'Andy Greene', '2018-19', 'NJD', 'D', '82', '5', '20', '25', '-9', '16', '0.30', '0', '2', '0', '4', '0', '0', '104', '4.8', '20:50', '24.7', '0.0']
16
2
['336', 'Marc-Edouard Vlasic', '2018-19', 'SJS', 'D', '72', '3', '22', '25', '-6', '10', '0.35', '0', '1', '0', '0', '0', '0', '100', '3.0', '21:03', '25.7', '0.0']
10
1
['337', 'Alexander Wennberg', '2018-19', 'CBJ', 'C', '75', '2', '23', '25', '-1', '12', '0.33', '1', '6', '1', '3', '0', '0', '64', '3.1', '15:05', '20.0', '48.4']
12
6
['338', 'Marcus Pettersson', '2018-19', 'ANA| PIT', 'D', '84', '2', '23', '25', '17', '66', '0.30', '1', '5', '0', '1', '0', '0', '87', '2.3', '16:41', '23.3', '100.0']
66
5
['339', 'Brian Boyle', '2018-19', 'NJD| NSH', 'C', '73', '18', '6', '24', '-14', '38', '0.33', '7', '9', '1', '2', '4', '0', '123', '14.6', '13:26', '17.2', '51.0']
38
9
['340', 'Josh Leivo', '2018-19', 'TOR| VAN', 'L', '76', '14', '10', '24', '5', '32', '0.32', '3', '7', '0', '0', '2', '0', '151', '9.3', '14:02', '18.9', '36.6']
32
7
['341', 'Jordan Greenway', '2018-19', 'MIN', 'L', '81', '12', '12', '24', '-12', '29', '0.30', '0', '0', '0', '0', '0', '0', '109', '11.0', '13:38', '17.9', '38.3']
29
0
['342', 'Miles Wood', '2018-19', 'NJD', 'L', '63', '10', '14', '24', '-10', '91', '0.38', '1', '3', '0', '0', '1', '0', '159', '6.3', '13:42', '17.7', '0.0']
91
3
['343', 'Jack Roslovic', '2018-19', 'WPG', 'C', '77', '9', '15', '24', '-2', '4', '0.31', '5', '7', '0', '0', '0', '0', '74', '12.2', '9:45', '13.2', '43.5']
4
7
['344', 'David Savard', '2018-19', 'CBJ', 'D', '82', '8', '16', '24', '19', '36', '0.29', '0', '0', '0', '0', '1', '0', '124', '6.5', '19:45', '25.4', '0.0']
36
0
['345', 'Kenny Agostino', '2018-19', 'MTL| NJD', 'L', '63', '6', '18', '24', '-3', '34', '0.38', '0', '5', '0', '0', '0', '0', '79', '7.6', '12:55', '17.0', '35.7']
34
5
['346', 'Daniel Sprong', '2018-19', 'PIT| ANA', 'R', '63', '14', '9', '23', '-16', '10', '0.36', '2', '5', '0', '0', '3', '1', '125', '11.2', '11:57', '15.4', '28.6']
10
5
['347', 'Derick Brassard', '2018-19', 'PIT| FLA| COL', 'C', '70', '14', '9', '23', '-19', '39', '0.33', '2', '5', '0', '0', '0', '0', '110', '12.7', '15:00', '20.1', '48.1']
39
5
['348', 'Joel Armia', '2018-19', 'MTL', 'R', '57', '13', '10', '23', '0', '14', '0.40', '2', '6', '1', '1', '2', '0', '134', '9.7', '15:48', '21.3', '17.2']
14
6
['349', 'Adam Lowry', '2018-19', 'WPG', 'C', '78', '12', '11', '23', '6', '33', '0.29', '0', '0', '1', '3', '3', '0', '105', '11.4', '14:38', '21.6', '57.6']
33
0
['350', 'Drake Caggiula', '2018-19', 'EDM| CHI', 'C', '55', '12', '11', '23', '-5', '28', '0.42', '0', '0', '1', '1', '2', '0', '96', '12.5', '14:26', '18.9', '37.2']
28
0
['351', 'Filip Chytil', '2018-19', 'NYR', 'C', '75', '11', '12', '23', '-22', '8', '0.31', '3', '7', '0', '0', '2', '0', '133', '8.3', '13:47', '17.3', '38.9']
8
7
['352', 'Luke Glendening', '2018-19', 'DET', 'C', '78', '10', '13', '23', '2', '15', '0.29', '0', '0', '1', '3', '1', '0', '102', '9.8', '15:47', '23.3', '55.7']
15
0
['353', 'Cal Clutterbuck', '2018-19', 'NYI', 'R', '73', '8', '15', '23', '6', '44', '0.32', '3', '3', '0', '1', '2', '0', '95', '8.4', '13:58', '19.8', '44.1']
44
3
['354', 'Kyle Turris', '2018-19', 'NSH', 'C', '55', '7', '16', '23', '-6', '33', '0.42', '4', '6', '0', '0', '1', '1', '78', '9.0', '15:42', '20.2', '50.8']
33
6
['355', 'Brendan Leipsic', '2018-19', 'VAN| LAK', 'L', '62', '7', '16', '23', '-14', '24', '0.37', '1', '4', '0', '0', '1', '0', '92', '7.6', '13:47', '18.2', '53.8']
24
4
['356', 'Brett Howden', '2018-19', 'NYR', 'C', '66', '6', '17', '23', '-16', '14', '0.35', '0', '2', '0', '0', '1', '0', '74', '8.1', '14:56', '20.0', '48.4']
14
2
['357', 'Filip Hronek', '2018-19', 'DET', 'D', '46', '5', '18', '23', '-10', '30', '0.50', '1', '5', '0', '1', '0', '0', '73', '6.8', '19:58', '26.1', '0.0']
30
5
['358', 'Ron Hainsey', '2018-19', 'TOR', 'D', '81', '5', '18', '23', '30', '21', '0.28', '0', '0', '1', '1', '0', '0', '81', '6.2', '20:15', '26.9', '100.0']
21
0
['359', 'Cam Fowler', '2018-19', 'ANA', 'D', '59', '5', '18', '23', '-14', '20', '0.39', '1', '6', '0', '1', '2', '1', '88', '5.7', '23:22', '29.3', '0.0']
20
6
['360', 'Braydon Coburn', '2018-19', 'TBL', 'D', '74', '4', '19', '23', '4', '34', '0.31', '0', '0', '0', '0', '0', '0', '113', '3.5', '16:07', '20.3', '0.0']
34
0
['361', 'Matt Nieto', '2018-19', 'COL', 'L', '64', '4', '19', '23', '2', '8', '0.36', '0', '0', '1', '3', '1', '0', '86', '4.7', '13:46', '19.4', '52.9']
8
0
['362', 'Brian Dumoulin', '2018-19', 'PIT', 'D', '76', '3', '20', '23', '31', '20', '0.30', '0', '0', '0', '4', '0', '0', '99', '3.0', '21:02', '27.8', '0.0']
20
0
['363', 'Troy Stecher', '2018-19', 'VAN', 'D', '78', '2', '21', '23', '9', '32', '0.29', '0', '2', '1', '1', '0', '0', '105', '1.9', '19:55', '24.6', '0.0']
32
2
['364', 'Markus Granlund', '2018-19', 'VAN', 'C', '77', '12', '10', '22', '-4', '20', '0.29', '2', '3', '0', '1', '1', '0', '123', '9.8', '15:03', '21.6', '42.8']
20
3
['366', 'Josh Archibald', '2018-19', 'ARI', 'R', '68', '12', '10', '22', '1', '15', '0.32', '0', '0', '0', '1', '1', '0', '92', '13.0', '13:34', '20.5', '32.4']
15
0
['367', 'Roope Hintz', '2018-19', 'DAL', 'L', '58', '9', '13', '22', '-11', '24', '0.38', '3', '6', '0', '0', '3', '1', '99', '9.1', '14:03', '21.9', '54.3']
24
6
['368', 'Nic Dowd', '2018-19', 'WSH', 'C', '64', '8', '14', '22', '10', '20', '0.34', '0', '0', '0', '1', '3', '0', '47', '17.0', '10:18', '13.5', '51.9']
20
0
['369', 'Jason Dickinson', '2018-19', 'DAL', 'C', '67', '6', '16', '22', '9', '23', '0.33', '0', '0', '0', '0', '2', '2', '94', '6.4', '13:22', '20.8', '42.9']
23
0
['370', 'Jordie Benn', '2018-19', 'MTL', 'D', '81', '5', '17', '22', '15', '39', '0.27', '0', '0', '0', '0', '1', '0', '93', '5.4', '18:12', '24.0', '0.0']
39
0
['371', 'Dylan DeMelo', '2018-19', 'OTT', 'D', '77', '4', '18', '22', '-1', '32', '0.29', '0', '3', '0', '1', '0', '0', '109', '3.7', '19:17', '25.6', '0.0']
32
3
['372', 'Brenden Dillon', '2018-19', 'SJS', 'D', '82', '1', '21', '22', '19', '61', '0.27', '0', '0', '1', '1', '0', '0', '71', '1.4', '17:45', '21.9', '0.0']
61
0
['373', 'Brendan Perlini', '2018-19', 'ARI| CHI', 'L', '68', '14', '7', '21', '-17', '28', '0.31', '2', '4', '0', '0', '0', '0', '117', '12.0', '11:36', '15.7', '14.3']
28
4
['374', 'Austin Wagner', '2018-19', 'LAK', 'L', '62', '12', '9', '21', '2', '16', '0.34', '0', '0', '0', '0', '0', '0', '67', '17.9', '8:56', '13.3', '33.3']
16
0
['375', 'Troy Brouwer', '2018-19', 'FLA', 'R', '75', '12', '9', '21', '-6', '47', '0.28', '0', '0', '1', '1', '1', '0', '86', '14.0', '12:41', '18.5', '37.3']
47
0
['376', 'Kyle Clifford', '2018-19', 'LAK', 'L', '72', '11', '10', '21', '4', '96', '0.29', '1', '1', '0', '0', '2', '0', '115', '9.6', '10:29', '15.1', '37.5']
96
1
['377', 'Jordan Weal', '2018-19', 'PHI| ARI| MTL', 'C', '63', '8', '13', '21', '-8', '18', '0.33', '2', '6', '0', '0', '1', '0', '75', '10.7', '13:28', '18.0', '55.6']
18
6
['378', 'Sean Kuraly', '2018-19', 'BOS', 'C', '71', '8', '13', '21', '6', '38', '0.30', '0', '0', '0', '0', '3', '1', '134', '6.0', '13:46', '18.4', '53.9']
38
0
['379', 'Markus Nutivaara', '2018-19', 'CBJ', 'D', '80', '5', '16', '21', '3', '6', '0.26', '0', '0', '0', '0', '1', '0', '99', '5.1', '17:41', '23.1', '0.0']
6
0
['380', 'Adam Pelech', '2018-19', 'NYI', 'D', '78', '5', '16', '21', '22', '24', '0.27', '0', '0', '0', '0', '0', '0', '110', '4.5', '18:38', '24.3', '0.0']
24
0
['382', 'Oscar Lindberg', '2018-19', 'VGK| OTT', 'L', '55', '9', '11', '20', '4', '28', '0.36', '0', '1', '0', '0', '0', '0', '91', '9.9', '12:28', '16.3', '45.3']
28
1
['383', 'Ryan Reaves', '2018-19', 'VGK', 'R', '80', '9', '11', '20', '1', '74', '0.25', '3', '3', '0', '0', '2', '0', '95', '9.5', '10:52', '13.3', '42.5']
74
3
['384', 'Zach Sanford', '2018-19', 'STL', 'L', '60', '8', '12', '20', '8', '21', '0.33', '0', '1', '0', '0', '2', '0', '77', '10.4', '12:35', '17.3', '61.5']
21
1
['385', 'Jesper Fast', '2018-19', 'NYR', 'R', '66', '8', '12', '20', '-3', '26', '0.30', '0', '0', '0', '0', '1', '0', '80', '10.0', '15:43', '21.5', '35.0']
26
0
['386', 'David Backes', '2018-19', 'BOS', 'R', '70', '7', '13', '20', '0', '31', '0.29', '2', '7', '0', '0', '1', '0', '129', '5.4', '13:02', '16.8', '57.0']
31
7
['387', 'Carter Rowney', '2018-19', 'ANA', 'C', '62', '7', '13', '20', '0', '12', '0.32', '0', '0', '1', '1', '0', '0', '53', '13.2', '12:33', '18.0', '49.3']
12
0
['388', 'Adam Erne', '2018-19', 'TBL', 'L', '65', '7', '13', '20', '10', '40', '0.31', '2', '2', '0', '0', '3', '0', '70', '10.0', '10:33', '15.0', '47.8']
40
2
['389', 'Matt Cullen', '2018-19', 'PIT', 'C', '71', '7', '13', '20', '6', '14', '0.28', '0', '0', '2', '4', '2', '0', '87', '8.0', '11:31', '18.4', '50.0']
14
0
['390', 'Milan Lucic', '2018-19', 'EDM', 'L', '79', '6', '14', '20', '-9', '91', '0.25', '2', '4', '0', '0', '0', '0', '74', '8.1', '13:14', '18.0', '55.5']
91
4
['391', 'Jordan Oesterle', '2018-19', 'ARI', 'D', '71', '6', '14', '20', '-3', '12', '0.28', '3', '7', '0', '0', '0', '0', '77', '7.8', '18:54', '23.2', '0.0']
12
7
['392', 'Travis Boyd', '2018-19', 'WSH', 'C', '53', '5', '15', '20', '6', '6', '0.38', '0', '2', '0', '0', '1', '0', '35', '14.3', '9:50', '13.1', '36.2']
6
2
['393', 'Danny DeKeyser', '2018-19', 'DET', 'D', '52', '5', '15', '20', '2', '39', '0.38', '0', '0', '0', '0', '3', '1', '59', '8.5', '21:58', '28.4', '0.0']
39
0
['394', 'Ben Hutton', '2018-19', 'VAN', 'D', '69', '5', '15', '20', '-23', '43', '0.29', '1', '8', '0', '1', '1', '0', '114', '4.4', '22:21', '27.7', '0.0']
43
8
['395', 'Jakob Chychrun', '2018-19', 'ARI', 'D', '53', '5', '15', '20', '-12', '28', '0.38', '3', '8', '0', '0', '0', '0', '117', '4.3', '20:15', '23.3', '0.0']
28
8
['396', 'Robert Hagg', '2018-19', 'PHI', 'D', '82', '5', '15', '20', '-3', '63', '0.24', '0', '0', '0', '0', '1', '0', '86', '5.8', '16:57', '23.1', '0.0']
63
0
['397', 'Ben Chiarot', '2018-19', 'WPG', 'D', '78', '5', '15', '20', '6', '62', '0.26', '0', '0', '0', '1', '1', '0', '111', '4.5', '18:37', '20.9', '0.0']
62
0
['398', 'Radko Gudas', '2018-19', 'PHI', 'D', '77', '4', '16', '20', '6', '63', '0.26', '0', '0', '0', '0', '0', '0', '136', '2.9', '17:53', '23.2', '0.0']
63
0
['399', 'Adam Larsson', '2018-19', 'EDM', 'D', '82', '3', '17', '20', '-28', '44', '0.24', '0', '0', '0', '1', '0', '0', '117', '2.6', '21:37', '27.4', '0.0']
44
0
['400', 'Nick Jensen', '2018-19', 'DET| WSH', 'D', '80', '2', '18', '20', '4', '21', '0.25', '0', '0', '0', '1', '0', '0', '94', '2.1', '19:51', '25.1', '0.0']
21
0
['401', 'Chris Wagner', '2018-19', 'BOS', 'R', '76', '12', '7', '19', '3', '51', '0.25', '0', '0', '0', '0', '1', '0', '135', '8.9', '13:27', '18.1', '45.0']
51
0
['402', 'Garnet Hathaway', '2018-19', 'CGY', 'R', '76', '11', '8', '19', '14', '56', '0.25', '0', '0', '2', '2', '5', '0', '77', '14.3', '10:32', '15.3', '46.7']
56
0
['403', 'Magnus Paajarvi', '2018-19', 'OTT', 'L', '80', '11', '8', '19', '-14', '6', '0.24', '0', '0', '1', '2', '1', '0', '119', '9.2', '13:28', '18.9', '43.8']
6
0
['404', 'Riley Sheahan', '2018-19', 'PIT| FLA', 'C', '82', '9', '10', '19', '-9', '17', '0.23', '0', '0', '1', '2', '2', '0', '110', '8.2', '13:28', '19.8', '52.3']
17
0
['405', 'Brian Gibbons', '2018-19', 'ANA| OTT', 'L', '64', '8', '11', '19', '-5', '20', '0.30', '0', '0', '0', '0', '0', '0', '50', '16.0', '10:55', '16.2', '34.2']
20
0
['406', 'Marcus Foligno', '2018-19', 'MIN', 'L', '82', '7', '12', '19', '-1', '55', '0.23', '0', '1', '0', '1', '0', '0', '91', '7.7', '11:58', '16.3', '46.4']
55
1
['407', 'James Neal', '2018-19', 'CGY', 'L', '63', '7', '12', '19', '-5', '28', '0.30', '2', '6', '0', '0', '1', '0', '141', '5.0', '14:57', '19.9', '45.5']
28
6
['408', 'Travis Hamonic', '2018-19', 'CGY', 'D', '69', '7', '12', '19', '21', '33', '0.28', '0', '0', '1', '3', '1', '0', '128', '5.5', '20:52', '25.5', '0.0']
33
0
['409', 'Justin Abdelkader', '2018-19', 'DET', 'L', '71', '6', '13', '19', '-14', '38', '0.27', '1', '2', '1', '1', '0', '0', '95', '6.3', '15:24', '20.6', '50.5']
38
2
['410', 'Carl Hagelin', '2018-19', 'PIT| LAK| WSH', 'L', '58', '5', '14', '19', '7', '30', '0.33', '0', '0', '0', '0', '2', '0', '99', '5.1', '14:44', '19.9', '22.2']
30
0
['411', 'David Kampf', '2018-19', 'CHI', 'C', '63', '4', '15', '19', '-6', '14', '0.30', '0', '0', '0', '0', '0', '0', '72', '5.5', '13:55', '20.0', '45.3']
14
0
['412', 'Scott Mayfield', '2018-19', 'NYI', 'D', '79', '4', '15', '19', '18', '68', '0.24', '0', '0', '1', '1', '0', '0', '104', '3.8', '18:44', '23.9', '0.0']
68
0
['413', 'Johnny Boychuk', '2018-19', 'NYI', 'D', '74', '3', '16', '19', '10', '25', '0.26', '1', '3', '0', '1', '1', '0', '157', '1.9', '18:50', '25.2', '0.0']
25
3
['414', 'Zach Bogosian', '2018-19', 'BUF', 'D', '65', '3', '16', '19', '-5', '52', '0.29', '0', '1', '1', '1', '0', '0', '93', '3.2', '21:38', '24.2', '0.0']
52
1
['415', 'Rasmus Andersson', '2018-19', 'CGY', 'D', '79', '2', '17', '19', '17', '23', '0.24', '0', '2', '0', '0', '0', '0', '115', '1.7', '16:02', '20.7', '0.0']
23
2
['416', 'Conor Garland', '2018-19', 'ARI', 'R', '47', '13', '5', '18', '1', '12', '0.38', '4', '6', '0', '0', '2', '0', '118', '11.0', '12:47', '17.2', '55.5']
12
6
['418', 'Tyler Ennis', '2018-19', 'TOR', 'L', '51', '12', '6', '18', '-6', '2', '0.35', '2', '5', '0', '0', '1', '0', '81', '14.8', '9:56', '13.4', '100.0']
2
5
['419', 'Christian Fischer', '2018-19', 'ARI', 'R', '71', '11', '7', '18', '-13', '27', '0.25', '0', '0', '0', '0', '0', '0', '116', '9.5', '13:10', '18.8', '28.6']
27
0
['420', 'Michael Rasmussen', '2018-19', 'DET', 'C', '62', '8', '10', '18', '-8', '29', '0.29', '4', '4', '0', '0', '0', '0', '74', '10.8', '12:05', '16.4', '35.9']
29
4
['421', 'Henrik Borgstrom', '2018-19', 'FLA', 'C', '50', '8', '10', '18', '-14', '4', '0.36', '3', '7', '0', '0', '0', '0', '54', '14.8', '12:00', '17.0', '40.7']
4
7
['422', 'Blake Comeau', '2018-19', 'DAL', 'L', '77', '7', '11', '18', '-7', '42', '0.23', '0', '0', '0', '0', '2', '0', '102', '6.9', '15:44', '23.1', '43.9']
42
0
['423', 'Austin Czarnik', '2018-19', 'CGY', 'C', '54', '6', '12', '18', '-1', '8', '0.33', '0', '3', '0', '0', '3', '0', '65', '9.2', '11:20', '15.5', '46.9']
8
3
['424', 'Michael Raffl', '2018-19', 'PHI', 'L', '67', '6', '12', '18', '-1', '32', '0.27', '0', '0', '1', '1', '1', '0', '65', '9.2', '11:25', '16.2', '41.2']
32
0
['425', 'Devon Toews', '2018-19', 'NYI', 'D', '48', '5', '13', '18', '7', '4', '0.38', '1', '4', '0', '0', '2', '1', '81', '6.2', '17:54', '22.5', '0.0']
4
4
['426', 'Zemgus Girgensons', '2018-19', 'BUF', 'C', '72', '5', '13', '18', '-11', '17', '0.25', '0', '0', '0', '0', '0', '0', '78', '6.4', '13:37', '18.1', '40.6']
17
0
['427', 'Ryan Carpenter', '2018-19', 'VGK', 'C', '68', '5', '13', '18', '-6', '8', '0.26', '0', '0', '1', '2', '0', '0', '102', '4.9', '12:37', '15.9', '52.6']
8
0
['428', 'Alec Martinez', '2018-19', 'LAK', 'D', '60', '4', '14', '18', '-2', '8', '0.30', '0', '2', '0', '0', '2', '0', '78', '5.1', '21:22', '26.3', '0.0']
8
2
['429', 'Jonas Brodin', '2018-19', 'MIN', 'D', '82', '4', '14', '18', '-15', '30', '0.22', '0', '1', '1', '1', '2', '0', '111', '3.6', '20:33', '24.4', '0.0']
30
1
['430', 'Jujhar Khaira', '2018-19', 'EDM', 'L', '60', '3', '15', '18', '-12', '43', '0.30', '0', '0', '1', '2', '0', '0', '64', '4.7', '12:34', '17.9', '43.6']
43
0
['431', 'Matt Grzelcyk', '2018-19', 'BOS', 'D', '66', '3', '15', '18', '9', '68', '0.27', '1', '6', '0', '0', '0', '0', '90', '3.3', '19:08', '25.0', '0.0']
68
6
['432', 'Cedric Paquette', '2018-19', 'TBL', 'C', '80', '13', '4', '17', '7', '80', '0.21', '0', '0', '2', '2', '1', '0', '87', '14.9', '12:00', '17.5', '52.6']
80
0
['433', 'Brendan Lemieux', '2018-19', 'WPG| NYR', 'L', '63', '12', '5', '17', '6', '108', '0.27', '0', '0', '0', '0', '1', '0', '67', '17.9', '9:03', '12.6', '35.0']
108
0
['434', 'Zach Aston-Reese', '2018-19', 'PIT', 'C', '43', '8', '9', '17', '12', '26', '0.40', '0', '0', '1', '1', '1', '0', '76', '10.5', '13:39', '20.4', '44.4']
26
0
['435', 'Tomas Nosek', '2018-19', 'VGK', 'L', '68', '8', '9', '17', '-10', '18', '0.25', '0', '0', '1', '1', '1', '0', '116', '6.9', '12:28', '15.5', '62.1']
18
0
['436', 'Ryan Callahan', '2018-19', 'TBL', 'R', '52', '7', '10', '17', '7', '14', '0.33', '1', '1', '0', '1', '3', '0', '76', '9.2', '11:08', '16.3', '28.6']
14
1
['437', 'Darren Helm', '2018-19', 'DET', 'L', '61', '7', '10', '17', '-11', '20', '0.28', '0', '0', '1', '4', '0', '0', '107', '6.5', '14:34', '20.7', '44.4']
20
0
['438', 'Barclay Goodrow', '2018-19', 'SJS', 'R', '82', '7', '10', '17', '4', '76', '0.21', '0', '0', '1', '1', '3', '0', '84', '8.3', '11:01', '17.2', '53.7']
76
0
['439', 'Sven Andrighetto', '2018-19', 'COL', 'R', '64', '7', '10', '17', '10', '14', '0.27', '0', '0', '0', '0', '1', '0', '95', '7.4', '11:04', '14.5', '27.3']
14
0
['440', 'Brett Kulak', '2018-19', 'MTL', 'D', '57', '6', '11', '17', '12', '31', '0.30', '0', '0', '1', '1', '3', '0', '102', '5.9', '17:51', '22.4', '0.0']
31
0
['441', 'Luke Kunin', '2018-19', 'MIN', 'C', '49', '6', '11', '17', '-9', '27', '0.35', '0', '1', '0', '0', '1', '0', '88', '6.8', '15:53', '20.7', '44.0']
27
1
['442', 'Andrew Cogliano', '2018-19', 'ANA| DAL', 'C', '78', '6', '11', '17', '1', '22', '0.22', '1', '1', '0', '0', '1', '0', '106', '5.7', '12:35', '19.8', '37.9']
22
1
['443', 'Matt Benning', '2018-19', 'EDM', 'D', '70', '5', '12', '17', '11', '33', '0.24', '0', '1', '0', '1', '0', '0', '94', '5.3', '14:57', '21.4', '0.0']
33
1
['444', 'Travis Dermott', '2018-19', 'TOR', 'D', '64', '4', '13', '17', '-5', '22', '0.27', '0', '0', '0', '0', '0', '0', '98', '4.1', '17:18', '22.7', '0.0']
22
0
['445', 'Sami Vatanen', '2018-19', 'NJD', 'D', '50', '4', '13', '17', '-17', '22', '0.34', '3', '5', '0', '0', '0', '0', '107', '3.7', '21:44', '26.3', '0.0']
22
5
['446', 'Jay Bouwmeester', '2018-19', 'STL', 'D', '78', '3', '14', '17', '-3', '40', '0.22', '0', '0', '0', '0', '1', '0', '82', '3.6', '20:44', '26.6', '0.0']
40
0
['447', 'Anton Stralman', '2018-19', 'TBL', 'D', '47', '2', '15', '17', '12', '8', '0.36', '0', '1', '0', '0', '0', '0', '57', '3.5', '20:31', '23.7', '0.0']
8
1
['448', 'Scott Harrington', '2018-19', 'CBJ', 'D', '73', '2', '15', '17', '6', '23', '0.23', '0', '0', '0', '0', '0', '0', '54', '3.7', '13:03', '18.3', '0.0']
23
0
['449', 'Melker Karlsson', '2018-19', 'SJS', 'C', '79', '12', '4', '16', '-1', '26', '0.20', '0', '0', '0', '0', '2', '0', '79', '15.2', '11:30', '17.8', '55.5']
26
0
['451', 'Tyler Motte', '2018-19', 'VAN', 'C', '74', '9', '7', '16', '-12', '10', '0.22', '0', '0', '2', '2', '1', '0', '114', '7.9', '12:46', '19.3', '31.3']
10
0
['453', 'Denis Malgin', '2018-19', 'FLA', 'C', '50', '7', '9', '16', '-10', '14', '0.32', '0', '1', '0', '0', '0', '0', '66', '10.6', '12:53', '18.9', '39.1']
14
1
['454', 'Dennis Cholowski', '2018-19', 'DET', 'D', '52', '7', '9', '16', '-20', '16', '0.31', '4', '9', '0', '0', '1', '0', '71', '9.8', '18:15', '23.4', '100.0']
16
9
['455', 'Erik Cernak', '2018-19', 'TBL', 'D', '58', '5', '11', '16', '25', '58', '0.28', '1', '1', '0', '0', '1', '0', '107', '4.7', '19:15', '24.4', '0.0']
58
1
['456', 'Dan Girardi', '2018-19', 'TBL', 'D', '62', '4', '12', '16', '6', '12', '0.26', '0', '0', '0', '1', '0', '0', '75', '5.3', '17:48', '22.1', '0.0']
12
0
['457', 'Brayden McNabb', '2018-19', 'VGK', 'D', '81', '4', '12', '16', '11', '52', '0.20', '0', '0', '0', '1', '1', '0', '84', '4.8', '19:29', '23.8', '0.0']
52
0
['458', 'Kris Russell', '2018-19', 'EDM', 'D', '72', '3', '13', '16', '5', '27', '0.22', '0', '0', '0', '1', '0', '0', '63', '4.8', '20:26', '25.8', '0.0']
27
0
['459', 'Josh Manson', '2018-19', 'ANA', 'D', '74', '3', '13', '16', '-8', '62', '0.22', '0', '0', '0', '1', '0', '0', '96', '3.1', '22:18', '28.4', '0.0']
62
0
['461', 'Justin Braun', '2018-19', 'SJS', 'D', '78', '2', '14', '16', '-14', '35', '0.21', '0', '1', '0', '0', '0', '0', '105', '1.9', '20:18', '25.1', '0.0']
35
1
['462', 'Warren Foegele', '2018-19', 'CAR', 'L', '77', '10', '5', '15', '-17', '20', '0.19', '0', '0', '0', '0', '3', '0', '106', '9.4', '12:30', '18.3', '47.6']
20
0
['463', 'Maxime Lajoie', '2018-19', 'OTT', 'D', '56', '7', '8', '15', '-25', '20', '0.27', '4', '8', '0', '0', '0', '0', '79', '8.9', '18:54', '24.9', '0.0']
20
8
['464', 'Eric Fehr', '2018-19', 'MIN', 'C', '72', '7', '8', '15', '-8', '30', '0.21', '0', '0', '0', '1', '0', '0', '67', '10.4', '11:03', '16.2', '51.3']
30
0
['465', 'Pierre-Edouard Bellemare', '2018-19', 'VGK', 'C', '76', '6', '9', '15', '2', '6', '0.20', '0', '0', '2', '2', '0', '0', '108', '5.5', '12:26', '15.7', '54.7']
6
0
['466', 'Colton Sceviour', '2018-19', 'FLA', 'C', '59', '5', '10', '15', '-2', '15', '0.25', '0', '1', '0', '0', '0', '0', '116', '4.3', '12:18', '17.9', '35.4']
15
1
['467', 'MacKenzie Weegar', '2018-19', 'FLA', 'D', '64', '4', '11', '15', '-3', '64', '0.23', '0', '1', '0', '0', '2', '0', '79', '5.1', '16:58', '23.0', '100.0']
64
1
['468', 'Jon Merrill', '2018-19', 'VGK', 'D', '57', '3', '12', '15', '16', '53', '0.26', '0', '0', '1', '1', '0', '0', '72', '4.2', '17:53', '22.3', '0.0']
53
0
['469', 'Nick Holden', '2018-19', 'VGK', 'D', '61', '3', '12', '15', '5', '14', '0.25', '0', '0', '0', '2', '0', '0', '77', '3.9', '18:18', '22.9', '0.0']
14
0
['470', 'Ian Cole', '2018-19', 'COL', 'D', '71', '2', '13', '15', '-1', '115', '0.21', '0', '0', '0', '0', '0', '0', '82', '2.4', '19:45', '23.7', '0.0']
115
0
['473', 'Nikita Zadorov', '2018-19', 'COL', 'D', '70', '7', '7', '14', '19', '75', '0.20', '0', '0', '0', '0', '0', '0', '100', '7.0', '17:12', '21.2', '0.0']
75
0
['474', 'Joel Eriksson Ek', '2018-19', 'MIN', 'C', '58', '7', '7', '14', '-7', '20', '0.24', '0', '0', '0', '0', '2', '0', '111', '6.3', '13:30', '18.6', '45.7']
20
0
['475', 'Johan Larsson', '2018-19', 'BUF', 'C', '73', '6', '8', '14', '-8', '37', '0.19', '0', '0', '1', '1', '0', '0', '79', '7.6', '14:18', '18.9', '50.6']
37
0
['476', 'Matt Martin', '2018-19', 'NYI', 'L', '67', '6', '8', '14', '5', '53', '0.21', '0', '0', '0', '0', '1', '0', '62', '9.7', '11:26', '16.0', '40.0']
53
0
['477', 'Brandon Dubinsky', '2018-19', 'CBJ', 'C', '61', '6', '8', '14', '-16', '36', '0.23', '0', '0', '0', '1', '0', '0', '63', '9.5', '12:21', '19.3', '57.1']
36
0
['478', 'Noel Acciari', '2018-19', 'BOS', 'C', '72', '6', '8', '14', '-3', '47', '0.19', '0', '0', '0', '0', '2', '0', '99', '6.1', '12:59', '17.2', '49.6']
47
0
['479', 'Zdeno Chara', '2018-19', 'BOS', 'D', '62', '5', '9', '14', '22', '57', '0.23', '1', '3', '0', '0', '2', '0', '99', '5.1', '21:05', '24.4', '0.0']
57
3
['481', 'Jake McCabe', '2018-19', 'BUF', 'D', '59', '4', '10', '14', '-4', '35', '0.24', '0', '0', '1', '1', '0', '0', '64', '6.3', '18:57', '23.1', '0.0']
35
0
['482', 'Derek Grant', '2018-19', 'PIT| ANA', 'C', '56', '4', '10', '14', '-6', '14', '0.25', '0', '0', '0', '1', '1', '0', '74', '5.4', '11:41', '17.3', '52.6']
14
0
['483', 'Frederik Gauthier', '2018-19', 'TOR', 'C', '70', '3', '11', '14', '3', '12', '0.20', '0', '0', '0', '0', '0', '0', '46', '6.5', '8:22', '12.4', '53.7']
12
0
['484', 'Trevor van Riemsdyk', '2018-19', 'CAR', 'D', '78', '3', '11', '14', '-4', '10', '0.18', '0', '0', '0', '0', '1', '0', '102', '2.9', '15:04', '20.0', '0.0']
10
0
['485', 'Nikita Zaitsev', '2018-19', 'TOR', 'D', '81', '3', '11', '14', '2', '18', '0.17', '0', '0', '0', '0', '0', '0', '71', '4.2', '20:28', '26.5', '0.0']
18
0
['486', 'Derek Forbort', '2018-19', 'LAK', 'D', '81', '2', '12', '14', '-13', '52', '0.17', '0', '0', '0', '0', '1', '0', '75', '2.7', '20:45', '25.6', '0.0']
52
0
['487', 'Olli Maatta', '2018-19', 'PIT', 'D', '60', '1', '13', '14', '9', '12', '0.23', '1', '4', '0', '0', '1', '0', '74', '1.4', '18:35', '25.4', '0.0']
12
4
['488', 'Calvin de Haan', '2018-19', 'CAR', 'D', '74', '1', '13', '14', '1', '20', '0.19', '0', '0', '0', '0', '1', '0', '102', '1.0', '18:31', '22.9', '0.0']
20
0
['489', 'Andrew Mangiapane', '2018-19', 'CGY', 'L', '44', '8', '5', '13', '11', '12', '0.30', '0', '0', '0', '0', '1', '0', '65', '12.3', '10:33', '14.8', '66.7']
12
0
['491', 'Michael Amadio', '2018-19', 'LAK', 'C', '43', '6', '7', '13', '-1', '6', '0.30', '0', '0', '0', '0', '0', '0', '37', '16.2', '10:12', '14.1', '43.0']
6
0
['492', 'Marco Scandella', '2018-19', 'BUF', 'D', '63', '6', '7', '13', '-13', '26', '0.21', '0', '0', '0', '1', '1', '0', '83', '7.2', '17:37', '22.4', '0.0']
26
0
['493', 'Drew Stafford', '2018-19', 'NJD', 'R', '57', '5', '8', '13', '-7', '18', '0.23', '1', '2', '0', '0', '0', '0', '77', '6.5', '12:16', '15.2', '41.0']
18
2
['494', 'Vladimir Sobotka', '2018-19', 'BUF', 'C', '69', '5', '8', '13', '-20', '26', '0.19', '0', '0', '0', '1', '0', '0', '71', '7.0', '14:11', '19.1', '51.9']
26
0
['495', 'Rocco Grimaldi', '2018-19', 'NSH', 'C', '53', '5', '8', '13', '-2', '10', '0.25', '0', '0', '0', '0', '0', '0', '81', '6.2', '10:00', '14.1', '57.1']
10
0
['496', 'Nate Thompson', '2018-19', 'LAK| MTL', 'C', '78', '5', '8', '13', '-1', '17', '0.17', '0', '0', '0', '0', '0', '0', '71', '7.0', '13:00', '19.8', '53.8']
17
0
['497', 'Brett Seney', '2018-19', 'NJD', 'L', '51', '5', '8', '13', '-14', '31', '0.25', '0', '1', '0', '0', '0', '0', '49', '10.2', '10:20', '13.8', '37.7']
31
1
['498', 'Connor Murphy', '2018-19', 'CHI', 'D', '52', '5', '8', '13', '12', '40', '0.25', '0', '0', '0', '0', '1', '0', '84', '5.9', '19:29', '26.0', '0.0']
40
0
['499', 'Brendan Smith', '2018-19', 'NYR', 'D', '63', '4', '9', '13', '-7', '71', '0.21', '0', '0', '0', '1', '0', '0', '66', '6.1', '15:18', '20.5', '0.0']
71
0
['500', 'John Moore', '2018-19', 'BOS', 'D', '61', '4', '9', '13', '0', '26', '0.21', '2', '3', '0', '0', '1', '0', '97', '4.1', '18:46', '24.9', '0.0']
26
3
['502', 'Jay Beagle', '2018-19', 'VAN', 'C', '57', '3', '10', '13', '-8', '18', '0.23', '0', '0', '1', '1', '0', '0', '45', '6.7', '13:39', '21.7', '56.2']
18
0
['503', 'Marc Staal', '2018-19', 'NYR', 'D', '79', '3', '10', '13', '-9', '32', '0.16', '0', '0', '0', '0', '0', '0', '84', '3.6', '19:25', '26.1', '0.0']
32
0
['505', 'Jack Johnson', '2018-19', 'PIT', 'D', '82', '1', '12', '13', '-4', '41', '0.16', '1', '2', '0', '2', '0', '0', '86', '1.2', '19:17', '25.9', '0.0']
41
2
['506', 'Par Lindholm', '2018-19', 'TOR| WPG', 'C', '65', '1', '12', '13', '5', '18', '0.20', '0', '0', '0', '0', '0', '0', '65', '1.5', '11:21', '17.5', '50.1']
18
0
['507', 'Victor Mete', '2018-19', 'MTL', 'D', '71', '0', '13', '13', '17', '6', '0.18', '0', '0', '0', '0', '0', '0', '65', '0.0', '17:46', '23.2', '0.0']
6
0
['508', 'Tyler Pitlick', '2018-19', 'DAL', 'C', '47', '8', '4', '12', '-2', '6', '0.26', '1', '1', '0', '0', '1', '0', '75', '10.7', '13:23', '20.7', '41.7']
6
1
['509', 'Tage Thompson', '2018-19', 'BUF', 'R', '65', '7', '5', '12', '-22', '20', '0.18', '1', '1', '0', '0', '0', '0', '108', '6.5', '12:08', '15.9', '50.0']
20
1
['510', 'Joakim Nordstrom', '2018-19', 'BOS', 'C', '70', '7', '5', '12', '0', '13', '0.17', '0', '0', '0', '0', '3', '1', '103', '6.8', '13:29', '18.6', '38.4']
13
0
['511', 'Jayce Hawryluk', '2018-19', 'FLA', 'C', '42', '7', '5', '12', '-8', '16', '0.29', '0', '1', '0', '0', '0', '0', '35', '20.0', '9:26', '14.0', '73.7']
16
1
['512', 'Kiefer Sherwood', '2018-19', 'ANA', 'R', '50', '6', '6', '12', '1', '8', '0.24', '0', '0', '0', '0', '1', '0', '60', '10.0', '11:22', '15.7', '43.8']
8
0
['513', 'Brad Hunt', '2018-19', 'VGK| MIN', 'D', '42', '5', '7', '12', '-2', '8', '0.29', '4', '8', '0', '0', '1', '0', '75', '6.7', '14:53', '18.4', '0.0']
8
8
['514', 'Adam Gaudette', '2018-19', 'VAN', 'C', '56', '5', '7', '12', '-8', '18', '0.21', '0', '2', '0', '0', '1', '0', '55', '9.1', '10:57', '16.0', '40.4']
18
2
['515', 'Marcus Kruger', '2018-19', 'CHI', 'C', '74', '4', '8', '12', '-2', '30', '0.16', '0', '0', '0', '1', '2', '0', '74', '5.4', '10:25', '16.6', '48.1']
30
0
['518', 'Jamie Oleksiak', '2018-19', 'PIT| DAL', 'D', '57', '4', '8', '12', '5', '45', '0.21', '0', '0', '0', '0', '0', '0', '55', '7.3', '14:44', '20.6', '0.0']
45
0
['519', 'Derrick Pouliot', '2018-19', 'VAN', 'D', '62', '3', '9', '12', '-1', '30', '0.19', '1', '1', '0', '0', '1', '1', '58', '5.2', '17:10', '22.6', '0.0']
30
1
['520', 'Trevor Lewis', '2018-19', 'LAK', 'C', '44', '3', '9', '12', '-9', '9', '0.27', '0', '0', '0', '0', '1', '0', '87', '3.4', '14:01', '19.6', '46.0']
9
0
['521', 'Nathan Beaulieu', '2018-19', 'BUF| WPG', 'D', '48', '3', '9', '12', '6', '39', '0.25', '0', '1', '0', '0', '0', '0', '60', '5.0', '15:30', '19.4', '0.0']
39
1
['522', 'Riley Nash', '2018-19', 'CBJ', 'C', '78', '3', '9', '12', '-8', '19', '0.15', '0', '0', '0', '0', '1', '0', '79', '3.8', '10:50', '14.8', '45.0']
19
0
['523', 'Christopher Tanev', '2018-19', 'VAN', 'D', '55', '2', '10', '12', '3', '18', '0.22', '0', '0', '0', '0', '0', '0', '51', '3.9', '20:10', '27.8', '0.0']
18
0
['524', 'Deryk Engelland', '2018-19', 'VGK', 'D', '74', '2', '10', '12', '-3', '18', '0.16', '0', '0', '0', '0', '1', '0', '105', '1.9', '19:53', '23.5', '0.0']
18
0
['530', 'Dale Weise', '2018-19', 'PHI| MTL', 'R', '51', '5', '6', '11', '-8', '19', '0.22', '0', '0', '1', '1', '1', '0', '58', '8.6', '11:47', '17.7', '37.5']
19
0
['531', 'Chandler Stephenson', '2018-19', 'WSH', 'C', '64', '5', '6', '11', '-13', '0', '0.17', '0', '0', '1', '1', '0', '0', '36', '13.9', '12:07', '15.7', '49.5']
0
0
['532', 'Ty Rattie', '2018-19', 'EDM', 'R', '50', '4', '7', '11', '-2', '4', '0.22', '0', '1', '0', '0', '1', '0', '84', '4.8', '11:21', '15.2', '33.3']
4
1
['533', 'Taylor Fedun', '2018-19', 'DAL', 'D', '54', '4', '7', '11', '2', '14', '0.20', '0', '2', '0', '1', '0', '0', '86', '4.7', '13:51', '20.4', '0.0']
14
2
['535', 'Mike Reilly', '2018-19', 'MTL', 'D', '57', '3', '8', '11', '0', '16', '0.19', '1', '1', '0', '0', '1', '0', '101', '3.0', '18:41', '23.3', '0.0']
16
1
['536', 'Joel Edmundson', '2018-19', 'STL', 'D', '64', '2', '9', '11', '8', '68', '0.17', '0', '0', '0', '0', '1', '0', '102', '2.0', '19:23', '26.4', '0.0']
68
0
['538', 'Mark Pysyk', '2018-19', 'FLA', 'D', '70', '1', '10', '11', '-1', '26', '0.16', '0', '0', '0', '1', '0', '0', '64', '1.6', '18:16', '25.7', '0.0']
26
0
['539', 'Mirco Mueller', '2018-19', 'NJD', 'D', '53', '1', '10', '11', '-3', '17', '0.21', '0', '0', '0', '0', '0', '0', '39', '2.6', '18:04', '24.0', '0.0']
17
0
['540', 'Tobias Rieder', '2018-19', 'EDM', 'R', '67', '0', '11', '11', '-8', '8', '0.16', '0', '2', '0', '0', '0', '0', '92', '0.0', '12:39', '18.2', '20.0']
8
2
['544', 'Chris Kunitz', '2018-19', 'CHI', 'L', '56', '5', '5', '10', '-7', '23', '0.18', '0', '0', '0', '0', '1', '0', '44', '11.4', '9:04', '13.3', '28.6']
23
0
['545', 'Boo Nieves', '2018-19', 'NYR', 'C', '43', '4', '6', '10', '-4', '8', '0.23', '0', '0', '0', '0', '1', '0', '34', '11.8', '9:39', '13.3', '38.8']
8
0
['548', 'Tim Schaller', '2018-19', 'VAN', 'C', '47', '3', '7', '10', '-2', '9', '0.21', '0', '0', '0', '0', '0', '0', '44', '6.8', '10:40', '16.2', '50.0']
9
0
['551', 'Erik Gudbranson', '2018-19', 'VAN| PIT', 'D', '76', '2', '8', '10', '-20', '87', '0.13', '0', '0', '0', '1', '1', '0', '94', '2.1', '18:14', '24.6', '0.0']
87
0
['552', 'Madison Bowey', '2018-19', 'WSH| DET', 'D', '50', '2', '8', '10', '-1', '46', '0.20', '0', '0', '0', '0', '1', '0', '48', '4.2', '15:16', '19.4', '0.0']
46
0
['553', 'Brandon Carlo', '2018-19', 'BOS', 'D', '72', '2', '8', '10', '22', '47', '0.14', '0', '0', '0', '2', '0', '0', '116', '1.7', '20:55', '25.6', '100.0']
47
0
['554', 'Robert Bortuzzo', '2018-19', 'STL', 'D', '59', '2', '8', '10', '9', '47', '0.17', '0', '0', '0', '1', '0', '0', '75', '2.7', '15:28', '22.4', '0.0']
47
0
['555', 'Christian Djoos', '2018-19', 'WSH', 'D', '45', '1', '9', '10', '9', '4', '0.22', '0', '0', '0', '0', '0', '0', '33', '3.0', '13:34', '17.4', '0.0']
4
0
['556', 'Michael Del Zotto', '2018-19', 'VAN| ANA| STL', 'D', '42', '1', '9', '10', '-2', '8', '0.24', '0', '0', '0', '0', '0', '0', '45', '2.2', '17:02', '22.0', '0.0']
8
0
['557', 'Patrik Nemeth', '2018-19', 'COL', 'D', '74', '1', '9', '10', '5', '53', '0.14', '0', '0', '0', '1', '0', '0', '57', '1.8', '16:29', '20.6', '0.0']
53
0
['558', 'Christian Jaros', '2018-19', 'OTT', 'D', '61', '1', '9', '10', '-14', '27', '0.16', '0', '2', '0', '0', '0', '0', '65', '1.5', '14:22', '21.2', '0.0']
27
2
['559', 'Valeri Nichushkin', '2018-19', 'DAL', 'R', '57', '0', '10', '10', '-4', '0', '0.18', '0', '0', '0', '0', '0', '0', '65', '0.0', '11:55', '18.0', '50.0']
0
0
['560', 'Niklas Hjalmarsson', '2018-19', 'ARI', 'D', '82', '0', '10', '10', '8', '44', '0.12', '0', '0', '0', '2', '0', '0', '57', '0.0', '19:42', '25.0', '0.0']
44
0
['561', 'William Carrier', '2018-19', 'VGK', 'L', '54', '8', '1', '9', '-4', '29', '0.17', '0', '0', '0', '0', '1', '0', '85', '9.4', '9:57', '13.0', '0.0']
29
0
['562', 'Kyle Brodziak', '2018-19', 'EDM', 'C', '70', '6', '3', '9', '-14', '33', '0.13', '0', '0', '1', '1', '2', '0', '74', '8.1', '11:42', '17.0', '52.0']
33
0
['563', 'Jesse Puljujarvi', '2018-19', 'EDM', 'R', '46', '4', '5', '9', '-14', '16', '0.20', '0', '1', '0', '0', '0', '0', '53', '7.5', '11:57', '16.7', '50.0']
16
1
['565', 'Mario Kempe', '2018-19', 'ARI', 'R', '52', '4', '5', '9', '5', '18', '0.17', '0', '0', '0', '0', '0', '0', '57', '7.0', '11:11', '17.7', '38.3']
18
0
['566', 'Jacob de la Rose', '2018-19', 'DET', 'C', '60', '3', '6', '9', '-13', '16', '0.15', '0', '0', '0', '0', '0', '0', '55', '5.5', '11:26', '16.0', '42.4']
16
0
['567', 'Victor Rask', '2018-19', 'CAR| MIN', 'C', '49', '3', '6', '9', '-4', '8', '0.18', '0', '2', '0', '0', '0', '0', '55', '5.5', '12:06', '17.1', '47.4']
8
2
['569', 'Gustav Forsling', '2018-19', 'CHI', 'D', '43', '3', '6', '9', '-9', '30', '0.21', '0', '0', '0', '0', '0', '0', '57', '5.3', '17:05', '23.1', '0.0']
30
0
['571', 'Ryan Spooner', '2018-19', 'NYR| EDM| VAN', 'C', '52', '3', '6', '9', '-12', '2', '0.17', '0', '1', '0', '0', '1', '0', '67', '4.5', '11:26', '15.8', '52.2']
2
1
['572', 'Christoffer Ehn', '2018-19', 'DET', 'C', '60', '3', '6', '9', '-5', '6', '0.15', '0', '0', '1', '1', '1', '0', '49', '6.1', '10:37', '14.6', '47.4']
6
0
['573', 'Brooks Orpik', '2018-19', 'WSH', 'D', '53', '2', '7', '9', '8', '32', '0.17', '0', '0', '0', '0', '0', '0', '43', '4.7', '15:40', '19.4', '0.0']
32
0
['574', 'Ben Lovejoy', '2018-19', 'NJD| DAL', 'D', '71', '2', '7', '9', '-1', '37', '0.13', '0', '0', '0', '0', '0', '0', '95', '2.1', '17:05', '22.6', '0.0']
37
0
['575', 'Roman Polak', '2018-19', 'DAL', 'D', '77', '1', '8', '9', '6', '69', '0.12', '0', '0', '0', '0', '0', '0', '77', '1.3', '19:10', '24.4', '0.0']
69
0
['577', 'Andrew MacDonald', '2018-19', 'PHI', 'D', '47', '0', '9', '9', '-5', '18', '0.19', '0', '0', '0', '2', '0', '0', '41', '0.0', '16:24', '21.6', '0.0']
18
0
['578', 'Ryan Kesler', '2018-19', 'ANA', 'C', '60', '5', '3', '8', '-19', '44', '0.13', '1', '3', '0', '0', '1', '0', '86', '5.8', '16:30', '22.6', '55.7']
44
3
['580', 'Devante Smith-Pelly', '2018-19', 'WSH', 'R', '54', '4', '4', '8', '-6', '15', '0.15', '0', '0', '0', '0', '0', '0', '60', '6.7', '10:51', '14.4', '39.0']
15
0
['584', 'J.T. Brown', '2018-19', 'MIN', 'R', '56', '3', '5', '8', '0', '29', '0.14', '0', '0', '0', '0', '0', '0', '56', '5.3', '9:10', '12.4', '27.8']
29
0
['585', 'Colby Cave', '2018-19', 'BOS| EDM', 'C', '53', '3', '5', '8', '-5', '16', '0.15', '0', '0', '0', '0', '1', '0', '58', '5.2', '12:19', '17.2', '50.1']
16
0
['586', 'Yannick Weber', '2018-19', 'NSH', 'D', '62', '2', '6', '8', '7', '18', '0.13', '0', '0', '0', '0', '0', '0', '67', '3.0', '11:55', '16.8', '0.0']
18
0
['587', 'Trevor Daley', '2018-19', 'DET', 'D', '44', '2', '6', '8', '-3', '12', '0.18', '0', '0', '1', '1', '1', '0', '47', '4.3', '18:34', '26.3', '0.0']
12
0
['588', 'Gabriel Bourque', '2018-19', 'COL', 'L', '55', '2', '6', '8', '3', '10', '0.15', '0', '0', '0', '1', '1', '0', '34', '5.9', '9:44', '13.8', '35.0']
10
0
['593', 'Garrett Wilson', '2018-19', 'PIT', 'L', '50', '2', '6', '8', '2', '18', '0.16', '0', '0', '0', '0', '0', '0', '54', '3.7', '7:37', '11.8', '42.9']
18
0
['594', 'Kevin Connauton', '2018-19', 'ARI', 'D', '50', '1', '7', '8', '-2', '22', '0.16', '0', '0', '0', '2', '0', '0', '75', '1.3', '18:21', '22.7', '0.0']
22
0
['597', 'Markus Hannikainen', '2018-19', 'CBJ', 'L', '44', '4', '3', '7', '-5', '2', '0.16', '0', '0', '0', '0', '1', '0', '52', '7.7', '9:29', '13.6', '0.0']
2
0
['601', 'Adam McQuaid', '2018-19', 'NYR| CBJ', 'D', '50', '3', '4', '7', '2', '42', '0.14', '0', '0', '0', '1', '1', '0', '28', '10.7', '15:47', '22.9', '0.0']
42
0
['604', 'Igor Ozhiganov', '2018-19', 'TOR', 'D', '53', '3', '4', '7', '0', '14', '0.13', '0', '0', '0', '0', '0', '0', '43', '7.0', '14:01', '19.2', '0.0']
14
0
['605', 'Phil Varone', '2018-19', 'PHI', 'C', '47', '3', '4', '7', '-2', '8', '0.15', '0', '0', '0', '0', '0', '0', '34', '8.8', '7:55', '11.0', '49.7']
8
0
['609', 'Nick Seeler', '2018-19', 'MIN', 'D', '71', '2', '5', '7', '-4', '64', '0.10', '0', '0', '0', '0', '1', '0', '67', '3.0', '12:20', '16.5', '0.0']
64
0
['613', 'Greg Pateryn', '2018-19', 'MIN', 'D', '80', '1', '6', '7', '-11', '41', '0.09', '0', '0', '0', '0', '0', '0', '100', '1.0', '17:07', '20.9', '0.0']
41
0
['614', 'Matt Irwin', '2018-19', 'NSH', 'D', '44', '1', '6', '7', '5', '38', '0.16', '0', '0', '0', '0', '0', '0', '50', '2.0', '11:18', '15.6', '0.0']
38
0
['617', 'Joakim Ryan', '2018-19', 'SJS', 'D', '44', '0', '7', '7', '-1', '15', '0.16', '0', '0', '0', '0', '0', '0', '35', '0.0', '12:46', '16.1', '0.0']
15
0
['619', 'Brett Ritchie', '2018-19', 'DAL', 'R', '53', '4', '2', '6', '-7', '57', '0.11', '1', '1', '0', '0', '2', '0', '57', '7.0', '9:36', '15.4', '22.2']
57
1
['622', 'Lukas Sedlak', '2018-19', 'CBJ', 'C', '47', '4', '2', '6', '-5', '10', '0.13', '0', '0', '0', '0', '0', '0', '43', '9.3', '9:00', '13.2', '49.4']
10
0
['629', 'Micheal Haley', '2018-19', 'FLA| SJS', 'C', '43', '2', '4', '6', '-2', '75', '0.14', '0', '0', '0', '0', '0', '0', '34', '5.9', '8:05', '12.5', '43.3']
75
0
['632', 'Lias Andersson', '2018-19', 'NYR', 'C', '42', '2', '4', '6', '-13', '29', '0.14', '0', '0', '1', '1', '0', '0', '41', '4.9', '10:43', '15.8', '44.2']
29
0
['636', 'Dion Phaneuf', '2018-19', 'LAK', 'D', '67', '1', '5', '6', '-21', '53', '0.09', '0', '0', '0', '0', '0', '0', '80', '1.3', '15:00', '21.2', '0.0']
53
0
['640', 'Dmitry Kulikov', '2018-19', 'WPG', 'D', '57', '0', '6', '6', '4', '47', '0.11', '0', '0', '0', '0', '0', '0', '40', '0.0', '15:40', '18.6', '0.0']
47
0
['641', 'Christian Folin', '2018-19', 'PHI| MTL', 'D', '45', '0', '6', '6', '6', '27', '0.13', '0', '0', '0', '0', '0', '0', '47', '0.0', '15:40', '21.8', '100.0']
27
0
['642', 'John Hayden', '2018-19', 'CHI', 'R', '54', '3', '2', '5', '-12', '27', '0.09', '0', '0', '0', '0', '0', '0', '42', '7.1', '9:10', '13.2', '24.1']
27
0
['649', 'Jonathan Ericsson', '2018-19', 'DET', 'D', '52', '3', '2', '5', '-10', '35', '0.10', '0', '0', '0', '0', '1', '0', '48', '6.3', '17:13', '23.8', '0.0']
35
0
['650', 'Nicolas Deslauriers', '2018-19', 'MTL', 'L', '48', '2', '3', '5', '-12', '22', '0.10', '0', '0', '1', '1', '0', '0', '48', '4.2', '10:02', '13.9', '100.0']
22
0
['660', 'Ben Harpur', '2018-19', 'OTT', 'D', '51', '1', '4', '5', '-13', '56', '0.10', '0', '0', '0', '0', '0', '0', '50', '2.0', '17:37', '23.1', '0.0']
56
0
['663', 'Mark Borowiecki', '2018-19', 'OTT', 'D', '53', '1', '4', '5', '-12', '89', '0.09', '0', '0', '0', '0', '0', '0', '59', '1.7', '15:34', '22.9', '0.0']
89
0
['666', 'Dan Hamhuis', '2018-19', 'NSH', 'D', '57', '0', '5', '5', '-2', '28', '0.09', '0', '0', '0', '0', '0', '0', '39', '0.0', '16:03', '21.0', '0.0']
28
0
['667', 'Jacob Larsson', '2018-19', 'ANA', 'D', '49', '0', '5', '5', '-4', '16', '0.10', '0', '0', '0', '0', '0', '0', '57', '0.0', '17:07', '23.7', '0.0']
16
0
['669', 'Frederick Gaudreau', '2018-19', 'NSH', 'C', '55', '3', '1', '4', '1', '2', '0.07', '0', '0', '0', '0', '1', '0', '43', '7.0', '9:01', '13.3', '48.3']
2
0
['671', 'Oscar Fantenberg', '2018-19', 'LAK| CGY', 'D', '61', '2', '2', '4', '3', '17', '0.07', '0', '0', '0', '0', '0', '0', '70', '2.9', '16:00', '21.2', '0.0']
17
0
576,2,forward,defenceman
